student_id,TotalScore,BinaryScore,nb_Subs,nb_completeSubs,nb_mockSubs,nb_'Extra'Subs,nb_PointsAwarded,av_styleLength,av_subLength,av_errorLength,av_nmbSuccessTests,nb_SuccessTests,av_DiffRatio,av_CompletedDiffRatio,nb_CompletedMockSubs,av_CompletedStyleLength,nb_Completed'Extra',nb_CompletedPrevYears,av_CompletedPrevYears,nb_CompletedImportance2Subs,av_StyleLengthCompletedImportance2,av_CompletedImportance2SubsDiffRatio,nb_Importance2SuccessTests,nb_Importance3SuccessTests,nb_CompletedImportance3Subs,av_StyleLengthCompletedImportance3,av_CompletedImportance3SubsDiffRatio,nb_completed'Extra'Subs,av_Completed'Extra'SubsDiffRatio,nb_'Extra'SuccessTests,nb_MockSuccessTests,nb_PointsFirst2WeeksHaskell,nb_PointsLast2WeeksHaskell,avdiffDeadline.1,nmbrDecemberSubs,nmbrCompleteDecemberSubs,nmbrJanuarySubs,nmbrCompleteJanuarySubs,nmbrSuccessTestsJanuary,nbCompleteOnTimeSubs.1,nmbMorningSubsOnTIme,nmbDaySubsOnTIme,nmbNightSubsOnTIme,nmbrAlmostCheat.1,nmbrCheat.1,nmbrCheatOnTime.1,nmbMorningubsOnTImeCompleted,nmbDaySubsOnTImeCompleted,nmbNightSubsOnTImeCompleted,nmbMorningubsOnTImeCompleted.1,nmbDaySubsOnTImeCompleted.1,nmbNightSubsOnTImeCompleted.1,nbMorningCompleteSubs,nDayCompleteSubs,nbNightCompleteSubs,nbMorningSubs,nmbDaySubs,nmbNightSubs,nmbrOctoberSubs,nmbrCompleteOctoberSubs,avNmbrShort_05,avNmbrQuiteShort_075,avNmbrQuiteLong_15,avNmbrLong_2,avNmbrAroundSol_0.25,avStyleLengthCompltedSubsJanuary,avStyleLengthCompltedSubsOctober,avStyleLength,Avsubtime
e9037025566b9409cf4b40ed5b5cc2d8,3.5,0,597,27,114,53,2293,534.41,2083.38,246.32,4.6,2747,1.27,1.08,1,358.52,2,2,0.07,2,302,0.78,233,493,1,1892,1.34,2,0.78,233,493,0,188,1.44,179,8,0,0,0,14,1,366,3,122,2,1,0,13,1,0,13,1,5,51,2,11,597,54,64,26,0.34,0.19,0.02,0.12,0.28,0,0,168.28,2.02E+11
e3462ef73c1f1953f085498c9d6b8ed5,10,1,824,60,354,79,2387,630.73,3786.19,374.69,5.42,4467,5.84,1,41,833.2,2,32,0.53,2,936,0.91,347,2905,41,1038.63,1.05,2,0.91,347,2905,220,420,20.68,439,49,55,10,375,20,0,359,76,65,1,0,0,16,4,0,16,4,0,59,19,0,691,136,3,3,0.33,0,0,0.67,0,825,0,717.23,2.02E+11
a2a7730c94d2af5c7caee2d703c27a70,10,1,154,62,22,28,3240,580.7,2596.26,104.47,12.44,1916,1.01,0.96,7,497.1,16,4,0.06,15,285.6,0.92,392,376,7,1218.29,1.16,16,1.02,393,376,1540,420,0.71,55,18,29,4,289,26,0,61,6,30,1,1,0,24,2,0,24,2,7,53,2,8,149,6,2,0,0,1,0,0,0,1143,0,497.1,2.02E+11
3beb4b55aa7ad8df7d3150fea0f075fe,8.5,1,909,21,435,0,1612,999.79,3205.01,494.16,2.91,2644,2.38,0.88,9,1811.81,0,9,0.43,0,0,0,0,1585,9,3939.56,0.81,0,0,0,1585,125,247,0.47,312,7,253,18,947,5,0,295,82,109,1,1,0,1,4,0,1,4,0,27,6,107,716,101,1,0,1,0,0,0,0,2048,0,1191.15,2.02E+11
b92b0536c05879423ead1dfbc42b3ccf,9.5,1,785,72,233,78,2140,640.6,2370.46,272.24,6.16,4838,2.05,0.94,4,623.17,9,11,0.15,9,1309.33,0.98,367,1295,4,2137,1,9,0.98,367,1295,728,164,3,495,42,286,118,2433,10,0,313,3,136,29,0,0,10,0,0,10,0,46,142,0,126,1019,3,24,6,0.75,0.04,0,0.08,0.12,339,0,331.55,2.02E+11
be1a277090ca2cf91fdb2776a872a968,9,1,541,14,99,56,1615,1123.17,3001.79,369.69,3.63,1964,0.89,1.02,0,761.14,1,0,0,1,580,1.27,392,651,0,0,0,1,1.27,392,651,0,0,2.27,275,5,47,11,310,9,0,380,10,115,5,0,0,7,2,0,7,2,2,38,6,6,616,58,64,19,0.33,0.09,0.08,0.38,0.12,12,0,244.17,2.02E+11
a9d7388434829139e25b7b795466db39,6,1,803,30,238,154,3725,540.01,3260.11,363,5.04,4047,0.85,0.99,0,259.6,9,2,0.07,8,244.5,0.79,648,1250,0,0,0,9,0.98,649,1250,1495,305,1.38,253,7,173,5,1076,23,0,401,143,113,1,1,0,15,8,0,15,8,0,34,11,4,685,256,139,12,0.22,0.29,0.08,0.18,0.19,104,0,173.07,2.02E+11
b32ac453bb99a14403309f1efdfd50f6,5.5,1,212,20,1,0,960,223.62,1216.45,282.08,4.3,912,0.86,0.94,0,304.4,0,0,0,0,0,0,0,0,0,0,0,0,0,0,0,0,0,2.12,0,0,20,6,109,5,0,124,2,49,3,2,0,4,1,0,4,1,0,25,7,0,219,25,31,11,0.1,0.16,0,0.1,0.58,494,0,190.25,2.02E+11
7aa28a84b39d30935c3926e7c816499c,9.5,1,343,7,154,0,1341,1057.12,2889.32,268.26,6.22,2134,4.09,1.09,0,801.14,0,0,0,0,0,0,0,1104,0,0,0,0,0,0,1104,0,376,0.45,174,6,59,5,184,2,1,210,0,58,4,1,0,2,0,0,2,0,0,21,0,1,382,0,10,4,0.9,0.1,0,0,0,26,0,439.24,2.02E+11
7e722aa48ef9571d48cfa734e6a71fb0,8,1,333,26,258,22,1227,665.93,4033.92,335.16,5.44,1812,0.67,0.94,8,550.62,0,8,0.31,0,0,0,105,1352,8,724.5,0.85,0,0,105,1352,0,164,2.29,93,1,190,17,714,11,4,89,0,47,2,0,0,11,0,0,11,0,1,40,0,5,370,0,2,2,0,0,0,0.5,0.5,367,0,360.49,2.02E+11
557d624893d0175b6a13d06978ce05b3,6.5,1,185,12,17,49,1196,294.59,1357.9,193.97,4.22,781,0.81,0.93,0,319,1,0,0,1,844,1.04,156,0,0,0,0,1,1.04,156,0,0,0,1.15,26,9,21,4,60,6,7,95,0,41,9,5,0,6,0,0,6,0,6,24,0,20,237,0,39,7,0.05,0.36,0.05,0.21,0.28,38,0,132,2.02E+11
4e3fc20dba4fd735f33bfa6e97c52ff1,6,1,80,20,3,0,360,600.05,1144.5,69.1,8.75,700,0.8,0.93,0,587.6,0,1,0.05,0,0,0,0,3,0,0,0,0,0,0,3,0,0,2.19,2,0,106,34,568,2,0,5,0,17,1,0,0,2,0,0,2,0,16,28,0,27,126,8,2,2,0,0,0,0.5,0.5,182,0,279,2.02E+11
a0ed9388475012981aafb8aaaeb3adec,5,1,458,31,1,52,885,382.54,1259.87,295.4,4.76,2182,3.13,0.92,0,352.39,3,0,0,3,602.67,1,270,18,0,0,0,3,1,270,18,0,0,5.87,14,2,136,40,988,3,0,125,0,127,11,5,0,3,0,0,3,0,4,52,0,87,450,0,6,2,0,0.17,0,0.17,0.67,348,0,308.86,2.02E+11
51c02893004daced093dd280c6e5b466,2,0,383,17,89,45,1855,367.78,1646.17,292.02,3.04,1163,1.1,0.98,0,169.65,2,0,0,2,118,0.86,179,96,0,0,0,2,0.86,179,96,0,82,5.77,195,6,69,8,227,4,18,162,0,84,4,3,0,4,0,0,4,0,7,25,0,87,385,6,6,3,0.17,0.33,0,0.17,0.33,24,0,94.75,2.02E+11
f24a9ec03468fa40bd16c3c16028d4e1,3.5,0,255,17,94,5,514,464.67,1564.63,210.07,4.37,1114,1.96,0.95,1,348.47,1,2,0.12,1,216,0.98,55,193,1,1092,1.02,1,0.98,55,193,0,0,1.41,131,14,16,2,128,0,0,56,0,32,1,0,0,0,0,0,0,0,2,24,2,13,237,16,7,3,0,0.29,0,0.14,0.43,546,0,238.71,2.02E+11
569e6991c410793b72ce3f44cbf534c1,0,0,487,21,31,70,735,372.03,1292.54,230.78,3.38,1644,0.91,1,0,536.57,5,0,0,5,1267.2,0.99,284,52,0,0,0,5,0.99,284,52,0,0,2.98,126,26,50,4,94,3,0,173,0,108,11,4,0,3,0,0,3,0,10,63,1,26,557,4,32,10,0.06,0,0,0.12,0.59,103,0,170.65,2.02E+11
731d73b073df3e4bff70b89fc2f31323,10,1,426,83,111,89,4260,477.68,3820.38,393.17,8,3406,5.47,1.17,34,797.2,14,23,0.28,13,633.23,0.98,728,1414,34,1112.12,1.33,14,1.09,729,1414,1540,420,1,190,44,8,5,211,50,0,149,121,64,3,1,0,22,28,0,22,28,0,63,49,0,285,176,64,30,0.08,0.25,0,0.06,0.61,970,463,645.11,2.02E+11
d708902cfdde6b967ad225dd2fa74f34,10,1,530,63,120,113,4260,543.19,3438.08,237.18,6.1,3234,1.21,1.01,16,523.68,10,8,0.13,9,313.33,0.79,735,1046,16,794.75,1.2,10,0.97,736,1046,1540,0,1.03,182,18,90,13,567,50,78,347,15,127,2,0,13,37,0,13,37,0,15,94,0,113,541,15,97,36,0.55,0.22,0,0.08,0.15,282,39,320.51,2.02E+11
bf1eeefa71248ac09aef70f7bc770846,9,1,746,92,182,173,3984,569.71,2588.25,285.09,6.25,4660,2.39,0.92,10,476.57,19,14,0.15,18,86.89,0.87,1080,1180,10,942,0.81,19,0.96,1081,1180,1540,0,1.54,229,44,225,47,1768,28,18,286,24,132,3,1,1,19,8,1,19,8,17,143,21,95,822,90,166,39,0.37,0.2,0.02,0.08,0.32,306,62,272.2,2.02E+11
a1aa5efb27a890341b696f22e57bcf15,10,1,529,29,203,15,1874,618.13,2321.67,296.98,5.99,3170,5.21,0.92,6,582.34,0,1,0.03,0,0,0,105,1589,6,1109.33,1.07,0,0,105,1589,0,420,3.94,349,48,77,7,582,14,0,272,20,108,9,1,0,14,0,0,14,0,0,60,17,0,553,73,9,5,0.67,0,0,0.11,0.22,193,55,327.38,2.02E+11
c83e71bf5144e9b6e60f5d8605c520e5,7.5,1,1135,73,334,138,1973,794.2,2512.11,462.2,4.81,5455,0.99,1.23,13,846.9,17,18,0.25,12,627.67,0.83,973,1692,13,2479.38,0.87,17,2.22,978,1692,0,70,1.62,421,27,634,109,3289,9,21,305,5,160,8,1,0,9,0,0,9,0,39,129,0,245,1175,25,47,17,0.32,0.11,0.02,0.09,0.32,393,165,410.33,2.02E+11
83ac5e2447cfb2b3becd5c434e08f108,8.5,1,919,66,293,151,3419,391.77,2203.45,384,5.82,5344,1.73,0.9,15,305.45,15,19,0.29,14,284.29,0.93,923,2105,15,618.93,0.95,15,1.04,924,2105,1540,0,2.28,275,56,284,29,2558,31,0,408,143,153,4,1,0,25,6,0,25,6,6,138,12,85,940,153,37,7,0.54,0.16,0,0.05,0.24,402,35,164.64,2.02E+11
a86e85df2b2213979a8fe2f2991d88d9,8.5,1,1376,90,474,240,3685,1643.85,3096.07,316.45,6.53,8984,0.92,1.05,26,1961.69,26,21,0.23,24,689.5,0.89,1465,4392,26,5096.92,1.16,26,1.02,1467,4392,961,58,1.33,399,16,471,60,2966,30,139,509,50,185,12,0,2,25,3,2,25,3,38,85,11,308,1084,179,45,12,0.18,0.18,0.02,0.13,0.47,1671,115,1337.94,2.02E+11
fcd13b9868996f0c07f00363a48b2de2,7,1,596,91,38,148,3840,187.8,1911.72,209.46,7.07,4214,0.8,0.91,12,231.82,35,5,0.05,34,88.35,0.84,1070,698,12,1141.67,0.91,35,0.89,1071,698,1100,420,0.98,66,12,33,7,528,72,0,287,147,121,2,0,0,53,19,0,53,19,2,94,27,8,546,189,147,32,0.33,0.29,0.01,0.05,0.31,940,12,174.73,2.02E+11
a8836d86c27aaa231bac177797d12bc8,7,1,921,23,165,197,3368,664.13,1676.42,493.69,4.27,3937,1.88,1.01,0,285.57,7,0,0,6,265.33,0.87,757,506,0,0,0,7,1.1,758,506,1540,188,1.02,199,13,39,2,235,19,20,571,24,166,9,2,2,16,1,2,16,1,2,58,3,22,1107,30,229,25,0.39,0.27,0.02,0.07,0.2,10,95,815.37,2.02E+11
09500d3c864a02fbf4c800f5a305259e,7,1,427,28,194,49,1108,1920.47,3421.72,411.48,6.66,2844,5.7,1.14,10,2786.86,3,8,0.29,3,1700,1.14,268,1276,10,5826.4,1.2,3,1.14,268,1276,0,0,1.61,301,23,121,25,1226,6,0,40,4,82,4,1,0,4,2,0,4,2,1,73,8,18,536,18,62,23,0.06,0.35,0.13,0.1,0.21,1790,24,1106.68,2.02E+11
ad737f5ea55311035d7dbf4541d9232b,6.5,1,430,50,51,77,4260,1000.62,3050.41,265.93,5.89,2532,2.51,1.37,8,1330.08,14,6,0.12,12,917.67,1.19,533,531,8,3274.5,1.35,14,1.38,535,531,1540,0,1.28,109,6,88,28,702,25,28,267,26,56,5,2,4,21,0,4,21,0,20,65,1,87,494,30,143,26,0.34,0.16,0.08,0.08,0.22,697,129,819.21,2.02E+11
c6348a9ad59de600326b19aed6051c56,4.5,0,1311,69,502,111,1575,663.84,2963.33,328.9,5.38,7054,0.9,1.05,18,1038.9,8,17,0.25,8,1551,0.96,593,3546,18,2136.44,1.1,8,0.96,593,3546,0,376,0.4,848,55,240,22,1802,8,20,169,96,183,15,6,0,6,2,0,6,2,33,65,23,349,921,333,7,5,1,0,0,0,0,1293,102,658.45,2.02E+11
ded3953480e33642d98307db672b0c56,6,1,592,13,89,115,2170,1193.89,1981.84,293.24,4.65,2755,0.91,0.94,0,794.77,2,0,0,2,1118,0.84,560,678,0,0,0,2,0.84,560,678,0,36,1.64,98,7,57,4,500,6,44,334,6,79,4,3,0,5,1,0,5,1,9,24,1,100,549,7,47,13,0.51,0.11,0.09,0.11,0.17,195,76,391.18,2.02E+11
0daf7c04c92e88653ac9cd428834cdc0,6.5,1,657,32,187,128,3491,743.79,2775.73,376.12,4.65,3052,1.22,0.97,1,594.12,6,1,0.03,5,820.8,0.86,810,994,1,1272,0.5,6,1.14,811,994,1272,0,1.39,249,6,143,14,610,15,55,318,18,102,5,2,3,10,2,3,10,2,16,34,2,152,584,25,62,13,0.16,0.23,0.05,0.05,0.47,474,176,402.08,2.02E+11
c0837c0f630d492b78077a8e27ec1f8f,5,1,807,41,333,0,1856,2603.38,2638.39,324.29,4.46,3596,0.87,0.94,10,710.34,0,10,0.24,0,0,0,0,2208,10,1762,1.06,0,0,0,2208,0,0,1.33,364,4,130,18,987,20,0,435,135,96,5,2,0,8,12,0,8,12,4,49,29,17,746,226,95,27,0.42,0.16,0.01,0.14,0.23,983,99,405.76,2.02E+11
b0d68c3bd3d444c6f3317ceecd170622,4,0,308,15,43,16,1514,536.7,1769.64,187.71,5.64,1737,0.93,1.03,0,684.53,2,0,0,2,2398,1.06,183,381,0,0,0,2,1.06,183,381,0,129,1.4,83,6,47,5,314,8,12,105,4,44,7,1,0,8,0,0,8,0,3,29,10,34,345,57,79,21,0.23,0.14,0.03,0.06,0.41,76,182,335.33,2.02E+11
c0837c0f630d492b78077a8e27ec1f8f,5,1,807,41,333,0,1856,2603.38,2638.39,324.29,4.46,3596,0.87,0.94,10,710.34,0,10,0.24,0,0,0,0,2208,10,1762,1.06,0,0,0,2208,0,0,1.33,364,4,130,18,987,20,0,435,135,96,5,2,0,8,12,0,8,12,4,49,29,17,746,226,95,27,0.42,0.16,0.01,0.14,0.23,983,99,405.76,2.02E+11
09500d3c864a02fbf4c800f5a305259e,7,1,427,28,194,49,1108,1920.47,3421.72,411.48,6.66,2844,5.7,1.14,10,2786.86,3,8,0.29,3,1700,1.14,268,1276,10,5826.4,1.2,3,1.14,268,1276,0,0,1.61,301,23,121,25,1226,6,0,40,4,82,4,1,0,4,2,0,4,2,1,73,8,18,536,18,62,23,0.06,0.35,0.13,0.1,0.21,1790,24,1106.68,2.02E+11
d87fd4d5c3dd8aae2d586b9c1a033f63,10,1,601,73,177,102,4260,284.03,3012.18,288.17,7,4210,3.57,0.87,18,336.38,16,14,0.19,15,141.87,0.84,595,1376,18,1036,0.82,16,0.94,596,1376,1540,0,1.06,133,31,261,33,1430,55,6,317,0,94,3,0,1,54,0,1,54,0,2,126,0,62,692,0,121,16,0.18,0.44,0,0.07,0.29,348,45,204.97,2.02E+11
aa51b3406b4fff51e614ae8d20afd5c4,9.5,1,682,23,265,75,2490,889.23,3333.75,321.43,4.45,3037,3.49,0.98,3,819.83,3,3,0.13,3,1353.33,0.91,358,1426,3,2341.33,0.56,3,0.91,358,1426,0,247,10.38,279,10,76,3,515,7,11,285,0,104,13,2,1,6,0,1,6,0,5,27,0,106,587,0,3,3,0.67,0,0,0.33,0,1488,101,945.13,2.02E+11
b6dfac6091dcdd25280b49c691bd222a,5,1,793,70,278,165,1244,610.71,2279.16,345.58,5.18,4109,1.06,0.98,31,1040.23,10,22,0.31,10,599.6,0.94,685,1770,31,1505.03,1.09,10,0.94,685,1770,0,0,0.91,287,27,310,55,1946,11,25,176,0,119,5,0,1,10,0,1,10,0,9,128,0,144,911,0,139,28,0.4,0.21,0.01,0.03,0.35,895,100,625.2,2.02E+11
fdd712806dab629531811ab11a4bd38a,9,1,726,25,0,92,3420,1822.56,2959.85,314.3,4.18,3037,4.35,1.22,0,3610.24,6,0,0,5,1923.2,0.84,544,0,0,0,0,6,1.12,545,0,1540,0,2.35,144,16,1,0,0,23,27,530,0,54,5,2,1,22,0,1,22,0,3,54,0,30,805,0,108,22,0.14,0.13,0.06,0.18,0.4,0,156,2691.44,2.02E+11
03d5c1b625858c49e1d85b1cd24ff391,7,1,174,20,20,46,825,317.75,1284.78,199.91,5.57,969,0.84,0.86,0,545.8,5,0,0,5,1220,0.81,277,70,0,0,0,5,0.81,277,70,825,0,0.72,25,0,185,39,967,3,7,23,0,69,3,0,1,2,0,1,2,0,2,54,1,20,310,18,108,15,0.47,0.06,0,0.02,0.42,259,9,201.82,2.02E+11
743204d853e215a7a5c4778fd1dc1c6b,5,1,115,25,24,26,1734,665.95,1696.21,88.31,8.08,929,0.8,0.88,0,579.04,7,0,0,7,709.71,0.79,155,149,0,0,0,7,0.79,155,149,0,0,1.12,49,13,9,5,6,7,11,26,0,11,1,0,3,4,0,3,4,0,18,37,0,36,132,0,29,15,0.28,0.38,0,0.14,0.17,8,160,315.2,2.02E+11
db77a291b4546f4e11fcdf2b4246366b,6.5,1,916,37,393,76,1284,878.69,2818.67,275.31,4.74,4342,1.17,1.05,5,1016.76,6,5,0.14,6,789.33,1.03,504,1848,5,3548.8,0.99,6,1.03,504,1848,0,94,1.37,505,21,218,24,901,8,35,238,0,147,9,1,0,8,0,0,8,0,6,80,0,104,951,0,100,23,0.27,0.3,0,0.16,0.23,595,11,484.28,2.02E+11
a706bb348b2a0c23e35ae11e4d68fc17,6.5,1,440,40,12,49,939,339.6,1287.4,228.32,4.21,1851,1.84,1,2,486.4,9,0,0,8,1008,0.89,302,77,2,1092,1,9,1.07,303,77,0,0,0.97,34,0,366,84,1932,5,41,114,0,125,26,0,0,5,0,0,5,0,25,85,9,151,522,33,74,24,0.07,0.39,0,0.07,0.47,220,27,188.3,2.02E+11
82f30b9d4f02403faf47b263748108ba,5.5,1,658,30,165,57,2048,1046.53,2011.81,311.09,4.72,3108,0.94,1.21,0,924.4,2,3,0.1,1,2336,1.2,342,1040,0,0,0,2,1.86,343,1040,0,141,0.56,207,5,121,7,521,10,11,301,0,104,6,4,2,8,0,2,8,0,9,30,0,89,586,0,10,7,0.1,0.9,0,0,0,775,243,765.54,2.02E+11
2397c3522cdac891621be1ac875cc447,6.5,1,337,40,146,0,530,471.22,2703.44,213.55,6.05,2039,0.76,0.93,17,745.4,0,15,0.38,0,0,0,0,967,17,1463.29,0.89,0,0,0,967,0,0,1.1,5,3,279,46,1779,4,1,73,0,69,6,0,0,4,0,0,4,0,30,42,0,122,333,0,76,18,0.21,0.51,0,0.03,0.24,625,15,425.44,2.02E+11
e0d83d5987d201b43976ef5f09d3dc3d,2,0,755,37,328,68,842,1611.63,2037.64,428.57,4.91,3710,0.84,1.05,0,713.51,4,0,0,3,824,0.86,301,1057,0,0,0,4,1.27,302,1057,0,176,1.83,365,19,254,24,1587,5,47,246,0,133,6,1,0,5,0,0,5,0,9,57,2,131,705,47,19,11,0.05,0.32,0,0.42,0.16,364,89,460.29,2.02E+11
4f69381c9354fe51ea8fb8d275b8b046,0.5,0,595,15,236,24,1203,407.83,2197.69,421.77,2.16,1286,0.98,1.05,0,259.73,1,0,0,0,0,0,28,206,0,0,0,1,2.52,29,206,0,0,1.43,212,10,150,6,364,9,16,309,0,89,4,0,0,9,0,0,9,0,6,34,0,56,671,6,84,13,0.2,0.37,0.05,0.04,0.35,32,45,166.6,2.02E+11
5f9899cadae1784f319a84575822c3b1,6.5,1,518,46,245,45,2390,1191.67,3493.16,392.93,5.62,2913,0.8,0.92,21,1753.13,2,18,0.39,2,826,0.94,231,1667,21,3299.05,0.88,2,0.94,231,1667,0,0,1.11,73,8,213,21,1389,9,0,168,0,33,0,0,0,9,0,0,9,0,13,64,2,88,551,11,115,30,0.37,0.2,0.13,0.03,0.17,3112,53,1041.22,2.02E+11
2f900d26b8fc529876313e901530f152,7.5,1,592,52,174,54,463,654.09,2328,382.02,4.5,2663,0.74,0.98,4,887.85,8,4,0.08,8,1596,0.89,417,526,4,2481,0.89,8,0.89,417,526,0,0,0.99,54,5,562,69,2229,4,0,48,0,114,7,0,0,4,0,0,4,0,19,95,2,71,750,33,122,23,0.43,0.28,0.01,0.11,0.14,479,91,448.41,2.02E+11
cc65896f2f0bf17dfeb5dba159c46bf5,7.5,1,198,30,5,53,1580,239.35,1014.95,214.16,6.24,1236,1.12,0.9,0,205.73,6,0,0,6,180,1.06,348,9,0,0,0,6,1.06,348,9,440,0,0.68,20,11,87,5,518,4,0,8,0,24,2,0,0,4,0,0,4,0,2,35,9,16,172,50,14,6,0.07,0.86,0.07,0,0,130,71,158,2.02E+11
9f2ab1b4ddeb13cca7f0799d50198409,6.5,1,576,36,126,53,1337,659.61,2394.31,415.47,4.38,2520,0.8,0.85,0,439.78,3,4,0.11,3,469.33,1.1,330,376,0,0,0,3,1.1,330,376,0,270,3.93,182,15,290,29,1530,9,0,212,0,86,2,0,0,9,0,0,9,0,0,50,15,0,466,190,9,8,0.67,0,0,0.11,0.11,298,16,303.94,2.02E+11
d90effd88287ebdb22ed68e60b64e048,6,1,420,22,133,24,1269,686.5,1854.62,350.08,4.06,1706,0.83,0.91,0,278.36,1,0,0,1,1144,1.03,146,359,0,0,0,1,1.03,146,359,0,164,2.13,171,2,189,29,820,5,0,165,0,82,5,5,0,5,0,0,5,0,2,48,0,44,492,0,18,7,0.61,0.33,0,0.06,0,137,135,169.68,2.02E+11
795cf77eb62b95ef2d148043a088b0f3,6,1,168,11,9,0,1122,219.24,1425.64,328.76,4.7,789,0.92,0.96,1,1292.36,0,1,0.09,0,0,0,0,53,1,10632,0.6,0,0,0,53,0,0,1.17,32,14,13,4,67,5,0,121,0,41,2,0,0,5,0,0,5,0,12,31,0,25,237,0,60,15,0.28,0.45,0,0.02,0.15,2658,18,336.84,2.02E+11
3be4c84b8900b19744af22632a15bdd1,7.5,1,121,13,0,10,1187,389.45,1555.87,229.16,5.14,622,3.2,0.96,0,553.54,0,0,0,0,0,0,18,0,0,0,0,0,0,18,0,0,0,1.29,27,2,2,2,9,5,0,47,0,24,1,0,0,5,0,0,5,0,0,19,0,0,137,0,15,5,0,0.13,0,0.13,0.73,10,170,423.58,2.02E+11
aa697914859b16ee577b6d04269560ec,9,1,179,16,1,35,2587,377.56,1081.65,330.06,4.42,792,1.7,1.08,0,606.75,3,0,0,3,1246.67,1.11,176,21,0,0,0,3,1.11,176,21,1540,247,1.54,2,0,0,0,0,15,0,150,0,36,1,1,0,15,0,0,15,0,0,26,1,0,238,1,56,11,0.68,0.25,0,0.04,0.04,0,129,412,2.02E+11
726b7a2d27d7cf498094124df70d2338,7,1,348,32,108,20,1007,472.54,2065.61,321.31,6.34,2206,0.77,0.91,0,403.38,0,0,0,0,0,0,61,451,0,0,0,0,0,61,451,0,0,0.95,262,35,491,113,2711,25,0,306,0,157,26,2,0,25,0,0,25,0,45,173,4,204,1016,45,178,25,0.31,0.25,0,0.09,0.34,102,11,168.79,2.02E+11
7716025badb98c78d5fc40467b228c9b,6,1,783,90,184,88,1399,441.84,2074.09,259.09,5.09,3984,2.34,0.92,19,784.93,15,19,0.21,14,1319.71,0.9,677,856,19,1849.05,0.88,15,1,678,856,0,0,1.15,342,89,218,50,1756,19,0,316,0,134,12,2,0,19,0,0,19,0,29,188,0,137,892,0,91,38,0.48,0.22,0.02,0.08,0.16,697,11,359.32,2.02E+11
6da8a54723c1ed53525116e45e35a727,5,1,193,12,0,38,958,323.81,1141.58,313.1,4.12,795,0.87,0.99,0,332,0,0,0,0,0,0,194,0,0,0,0,0,0,194,0,0,0,33,11,1,2,0,2,6,0,84,0,27,4,2,0,6,0,0,6,0,0,15,0,2,198,0,3,3,0,0,0,1,0,0,88,283.2,2.02E+11
a5aac26648196da0e8cbee9c805ef528,6,1,632,30,128,88,1270,689.09,2478.34,469.19,4,2531,0.84,0.91,1,612.8,2,1,0.03,2,354,0.81,315,403,1,4064,1.1,2,0.81,315,403,220,0,1.22,154,8,362,25,1241,6,0,181,0,124,10,0,0,6,0,0,6,0,13,50,1,270,539,2,91,24,0.52,0.13,0,0.15,0.18,576,65,326.13,2.02E+11
d8e25bf159951bd2deb2f13180808d9e,6.5,1,836,55,261,122,1795,624.06,1994.33,255.8,5.91,4942,0.83,1.03,8,744,9,1,0.02,9,876.89,0.86,716,2100,8,2152,1.33,9,0.86,716,2100,0,0,1.01,348,44,395,55,2212,5,0,195,0,120,8,1,0,5,0,0,5,0,6,117,7,69,953,105,54,10,0.19,0.35,0.09,0.06,0.17,525,226,355.29,2.02E+11
4c52cb4b389af0960f478140229e0244,6,1,256,8,0,21,1212,337.39,1973.16,241.2,4.57,1171,0.83,0.88,0,107.5,0,0,0,0,0,0,148,0,0,0,0,0,0,148,0,193,0,0.95,47,0,29,17,111,3,0,149,0,55,9,0,0,3,0,0,3,0,2,24,3,2,315,5,37,4,0,0.38,0,0.03,0.59,8,66,43.45,2.02E+11
09f41f27c891e95e2f70a89266040b8e,5,1,172,5,29,5,125,318.02,1380.84,299.91,4.37,752,1.54,0.93,0,216,0,0,0,0,0,0,9,19,0,0,0,0,0,9,19,125,0,0.57,40,10,108,8,479,0,0,24,0,23,4,0,0,0,0,0,0,0,4,24,0,54,193,5,29,6,0.45,0.28,0,0,0.28,50,66,80.14,2.02E+11
66d6e7248bac3a745db922c987f51e31,1.5,0,309,29,0,62,353,348.34,1082.56,247.16,5.68,1755,1.11,0.99,0,431.45,6,0,0,5,604,0.93,480,0,0,0,0,6,1.19,481,0,0,0,0.44,181,22,119,23,783,2,0,59,0,73,10,0,0,2,0,0,2,0,9,40,0,66,334,0,1,1,1,0,0,0,0,143,284,267.76,2.02E+11
b7978f4543f443b87bab5e9c4014f12e,1,0,437,50,9,3,831,265.04,1331.86,315.41,4.51,1973,0.87,0.98,0,334.48,2,0,0,0,0,0,9,6,0,0,0,2,2.52,11,6,0,0,0.86,327,52,239,68,1310,4,0,144,0,128,6,1,0,4,0,0,4,0,52,83,0,258,506,0,42,7,0.1,0.4,0.02,0.02,0.45,199,18,155.91,2.02E+11
cb066df03597ffe862fb917429c5e241,3,0,93,26,45,6,1380,381.63,2033.33,231.01,8.63,803,0.76,0.94,4,464.62,5,2,0.08,5,1193.6,1,78,281,4,630,0.95,5,1,78,281,0,0,0.78,282,49,89,9,636,25,0,303,0,176,37,13,0,25,0,0,25,0,0,137,0,0,709,0,99,15,0.17,0.46,0.02,0.02,0.24,104,18,237.87,2.02E+11
263bb00b9ef59bb5c0c4514f3e2e6296,2.5,0,204,30,27,5,720,417.67,1553.86,334.73,4.75,969,2.21,0.97,2,567.6,2,0,0,2,2686,0.83,43,101,2,1152,1,2,0.83,43,101,0,0,0.7,0,0,125,31,619,5,0,49,0,48,8,0,0,5,0,0,5,0,26,29,0,73,207,0,66,13,0.14,0.67,0,0.02,0.12,534,20,356.51,2.02E+11
4bd1135791ab4afe4d9f3215ea1705f8,2,0,59,16,0,11,1183,265.02,1366.51,163.59,6.58,388,0.97,1.14,0,517.75,1,0,0,0,0,0,76,0,0,0,0,1,2.52,77,0,0,0,3.76,3,3,0,0,0,12,0,44,0,18,3,1,0,12,0,0,12,0,2,33,0,3,81,0,20,15,0.6,0,0,0.1,0.3,0,20,245.26,2.02E+11
726b7a2d27d7cf498094124df70d2338,7,1,348,32,108,20,1007,472.54,2065.61,321.31,6.34,2206,0.77,0.91,0,403.38,0,0,0,0,0,0,61,451,0,0,0,0,0,61,451,0,0,0.95,262,35,491,113,2711,25,0,306,0,157,26,2,0,25,0,0,25,0,45,173,4,204,1016,45,178,25,0.31,0.25,0,0.09,0.34,102,11,168.79,2.02E+11
cb066df03597ffe862fb917429c5e241,3,0,93,26,45,6,1380,381.63,2033.33,231.01,8.63,803,0.76,0.94,4,464.62,5,2,0.08,5,1193.6,1,78,281,4,630,0.95,5,1,78,281,0,0,0.78,282,49,89,9,636,25,0,303,0,176,37,13,0,25,0,0,25,0,0,137,0,0,709,0,99,15,0.17,0.46,0.02,0.02,0.24,104,18,237.87,2.02E+11
d53e56e38ef9333345da6eaeec255bfe,1.5,0,130,24,0,0,138,415.78,961.6,208.4,7.95,1033,0.98,0.86,0,424.33,0,0,0,0,0,0,0,0,0,0,0,0,0,0,0,0,0,0.88,0,0,71,7,231,1,0,3,0,22,2,0,0,1,0,0,1,0,0,30,0,0,158,0,6,2,0.17,0,0,0,0.83,122,64,352.27,2.02E+11
8d5f1f070d7cae438b4fc23cf2f59eac,0,0,160,10,25,2,1249,742.45,1545.43,300.78,4.67,747,0.89,0.95,0,594.4,0,0,0,0,0,0,5,33,0,0,0,0,0,5,33,0,0,0.9,57,2,0,0,0,5,0,89,0,26,2,0,0,5,0,0,5,0,1,16,0,14,154,7,14,6,0.14,0.43,0,0.07,0.36,0,142,399.76,2.02E+11
cd3f31c00b35b19fefd635f1a2b89be6,7.9,1,127,5,76,0,1022,513.57,2598.87,627.94,1.81,230,0.78,0.83,0,421.6,0,0,0,0,0,0,0,96,0,0,0,0,0,0,96,720,0,0.33,78,0,25,2,45,4,0,18,0,7,2,1,0,4,0,0,4,0,0,8,0,0,145,0,6,1,1,0,0,0,0,0,0,263.5,2.02E+11
40a11dc440977746656b1bf7c7172938,1.1,0,263,18,0,0,6,299.42,1103.04,601.34,3.83,1007,0.85,0.88,0,232.22,0,0,0,0,0,0,0,0,0,0,0,0,0,0,0,0,0,0.65,232,18,19,0,84,0,1,0,0,76,0,0,0,0,0,0,0,0,3,17,0,26,246,0,9,2,0.67,0,0,0,0.33,0,0,209,2.02E+11
40a11dc440977746656b1bf7c7172938,1.1,0,263,18,0,0,6,299.42,1103.04,601.34,3.83,1007,0.85,0.88,0,232.22,0,0,0,0,0,0,0,0,0,0,0,0,0,0,0,0,0,0.65,232,18,19,0,84,0,1,0,0,76,0,0,0,0,0,0,0,0,3,17,0,26,246,0,9,2,0.67,0,0,0,0.33,0,0,209,2.02E+11
f7fb5ccaba6359e7c56a0e10e49afd12,8.3,1,798,49,125,231,5740,710.59,2949.11,680.09,5.15,4108,1.59,0.94,8,846.12,6,6,0.12,4,1042,0.98,522,897,9,2101.33,0.97,6,0.98,1096,612,3222,0,0.79,289,15,49,8,152,14,0,125,131,169,0,0,0,5,9,0,5,9,0,30,50,0,376,559,74,12,0.41,0.05,0.01,0.04,0.36,198,0,540.45,2.02E+11
f48e83dd4c91e50a0990b2c1bd5e1b02,2.3,0,850,28,136,97,943,543.51,1643.83,585.84,4.18,3554,1.1,1.24,5,559.14,0,1,0.04,1,628,9.93,324,383,3,1730.67,0.58,0,0,458,410,890,0,0.66,272,8,470,26,1863,7,16,144,5,87,7,0,2,5,0,2,5,0,3,41,3,29,846,219,69,2,0.57,0.1,0,0.07,0.26,243,0,337.19,2.02E+11
75115b399a9102a633dc85e69770b3be,6.4,1,547,58,302,60,3700,5061.32,5563.74,685.94,7.93,4339,1.29,1.49,28,7307.52,6,23,0.4,4,3813,1.45,283,2426,29,11454.21,1.54,6,1.53,841,2291,2120,0,1.53,57,11,502,60,3617,17,32,60,6,55,3,0,6,10,1,6,10,1,30,75,5,213,537,31,39,5,0.08,0.21,0.33,0.28,0.08,5463,0,3898.84,2.02E+11
9539f6db5fa42440719a928aab9947f3,7,1,174,29,4,37,1937,324.32,1621.31,241.4,7.99,1390,0.97,1.1,0,391.45,4,0,0,3,393.33,1.14,289,18,0,0,0,4,1.1,328,18,1946,0,0.77,2,0,155,33,957,12,4,48,11,37,1,1,0,8,4,0,8,4,7,34,10,59,177,32,7,2,0,0.57,0,0,0.43,227,0,268.94,2.02E+11
836efd4645e5bfb6b81b37edf0399a9b,3.6,0,498,96,156,43,613,375.29,2454.42,286.17,7.3,3634,0.79,0.98,24,425.83,9,0,0,8,131.5,1.04,207,507,10,1823.2,0.91,9,0.91,283,772,240,0,0.81,61,12,527,123,3144,7,0,9,8,135,24,0,0,5,2,0,5,2,28,102,19,164,373,117,1,0,0,0,0,0,1,304,0,294.12,2.02E+11
b17d998e6aa8b0ea2b56fe6e2bdf12b7,3.5,0,698,63,69,245,5080,629.48,2663.93,427.16,6.76,4715,0.84,0.95,5,690.16,18,4,0.06,7,335.43,0.9,549,693,6,1458.67,1.02,18,0.98,1773,423,3000,240,0.39,161,22,89,3,387,44,252,160,45,176,8,8,13,30,1,13,30,1,13,53,16,252,299,251,30,2,0.9,0.1,0,0,0,1240,0,545.22,2.02E+11
ff54eac4ed58315522318d64e4a27a48,7.3,1,62,20,6,0,600,692.77,2138.97,34.97,8.82,547,0.92,1.08,0,386.2,0,0,0,0,0,0,0,87,0,0,0,0,0,0,87,720,0,0.56,6,4,66,13,351,0,0,0,1,8,1,0,0,0,0,0,0,0,3,25,3,6,68,19,1,1,0,1,0,0,0,228,0,325.81,2.02E+11
49f937d25b3b088e99fbd75499d9d55b,4.5,0,1154,40,322,174,2773,911.19,2032.15,480.81,5.17,5969,1.98,1,0,582.7,3,0,0,3,132,0.89,398,1516,0,0,0,3,0.89,398,1516,2950,0,0.4,602,38,362,7,1550,16,20,355,36,251,14,6,0,13,3,0,13,3,22,47,3,353,1227,36,24,1,1,0,0,0,0,82,0,333.39,2.02E+11
0f67c00699dd56b72388f9b7096c9273,5,1,669,16,257,0,1446,604.9,2468.34,864.53,1.91,1279,0.76,1.48,2,1242,0,2,0.12,0,0,0,0,179,2,2388,0.93,0,0,0,179,874,0,0.59,241,4,220,4,264,4,0,147,38,56,2,1,0,4,0,0,4,0,5,15,0,99,545,49,12,0,0.42,0.42,0,0,0.17,2131,0,1054.2,2.02E+11
2e44816bce3457a098c46886c3d5f73e,2.9,0,643,41,145,0,2021,499.09,1903.88,462.43,5.34,3431,0.86,1.03,0,303.71,0,2,0.05,0,0,0,0,505,0,0,0,0,0,0,505,1516,0,0.71,309,21,271,15,1663,14,1,195,55,69,3,2,0,10,4,0,10,4,0,78,5,42,795,129,114,25,0.63,0.16,0,0.1,0.06,337,0,152.48,2.02E+11
595eb4adc320c2eaddc910a5fcab9188,1.5,0,406,30,34,43,3233,539.25,1667.92,330.44,6.52,2648,0.89,0.98,1,777.33,4,0,0,4,983,1.07,355,272,1,6112,1.58,4,1.07,355,272,1842,0,0.71,88,3,59,10,267,15,0,190,10,46,2,2,0,14,1,0,14,1,2,40,2,27,466,30,59,3,0.15,0.53,0.02,0,0.31,214,0,534.27,2.02E+11
836efd4645e5bfb6b81b37edf0399a9b,3.6,0,498,96,156,43,613,375.29,2454.42,286.17,7.3,3634,0.79,0.98,24,425.83,9,0,0,8,131.5,1.04,207,507,10,1823.2,0.91,9,0.91,283,772,240,0,0.81,61,12,527,123,3144,7,0,9,8,135,24,0,0,5,2,0,5,2,28,102,19,164,373,117,1,0,0,0,0,0,1,304,0,294.12,2.02E+11
f48e83dd4c91e50a0990b2c1bd5e1b02,2.3,0,850,28,136,97,943,543.51,1643.83,585.84,4.18,3554,1.1,1.24,5,559.14,0,1,0.04,1,628,9.93,324,383,3,1730.67,0.58,0,0,458,410,890,0,0.66,272,8,470,26,1863,7,16,144,5,87,7,0,2,5,0,2,5,0,3,41,3,29,846,219,69,2,0.57,0.1,0,0.07,0.26,243,0,337.19,2.02E+11
4fd42877fcb7aee12967dcb8f9532944,9.6,1,228,11,115,112,321,1027.33,4058.82,593.63,6.29,1433,0.93,0.98,4,852,7,4,0.36,5,328.8,0.92,517,913,6,1288,1.04,7,0.99,822,608,0,0,1.03,87,0,206,19,1359,1,0,3,0,33,0,0,0,1,0,0,1,0,6,13,2,107,184,7,4,2,0.25,0,0,0,0.25,536,0,485.14,2.02E+11
cd49b1ba2cda6d3c2ed2985165c3b899,9.2,1,744,70,218,123,2352,816.16,2959.69,441.4,6.62,4922,0.85,0.98,20,1081.37,18,11,0.16,16,275.25,1.06,644,1630,21,1851.62,1.09,18,1.06,999,1606,0,0,0.17,464,44,219,34,1954,2,36,12,0,139,6,0,1,1,0,1,1,0,18,86,0,255,700,0,4,1,1,0,0,0,0,585,0,741.27,2.02E+11
bc94e0142fae95d399b085a43b686789,9.2,1,748,39,170,181,1554,702.43,2500.09,529.23,4.66,3482,0.79,0.88,3,698.77,7,4,0.1,3,218.67,0.9,346,756,3,1260,0.79,7,0.96,867,574,294,0,0.47,367,22,262,47,1765,4,46,208,0,97,3,0,1,3,0,1,3,0,22,56,0,177,751,0,8,1,0.62,0.38,0,0,0,412,0,437.18,2.02E+11
9b2a203f1a5eb3a4a8160145141e781e,7.1,1,231,15,129,0,25,1379.26,3676.4,727.6,4.85,1120,0.78,1,1,1736,0,1,0.07,0,0,0,0,156,1,872,0.71,0,0,0,156,0,50,0.25,100,14,131,1,153,0,0,0,0,48,4,0,0,0,0,0,0,0,3,16,0,18,239,0,2,0,1,0,0,0,0,872,0,1488.84,2.02E+11
9bed6a8feec9751871b4be9c22b3a159,7.5,1,158,33,35,23,2700,420.13,2545.37,299.34,8.28,1309,1.11,1.02,5,666.3,5,3,0.09,5,570.4,1.15,209,272,5,1776.8,0.83,5,1.15,209,272,1680,0,0.8,53,12,42,4,161,19,3,75,0,11,0,0,0,19,0,0,19,0,4,34,0,34,138,0,1,0,0,0,0,0,1,2071,0,588.74,2.02E+11
9877c49ce9fe65ec2132d18ba38c6d8d,6.2,1,271,39,2,27,1030,1163.2,2253.27,675.51,5.97,1619,0.82,0.94,1,1080.82,0,0,0,0,0,0,62,42,1,2364,1.26,0,0,62,42,960,0,0.38,233,34,71,27,422,11,0,90,0,80,7,1,0,11,0,0,11,0,0,70,9,0,404,63,44,3,0.61,0.36,0,0,0.02,660,0,577.47,2.02E+11
306cdf4dbb4a6d6747b1f023e51933d0,7.8,1,1070,70,109,171,521,857.51,2596.95,657.4,4.54,4860,0.92,1.03,4,1392.06,12,4,0.06,6,514,0.98,598,558,9,4465.78,0.98,12,1.09,982,208,0,0,0.32,655,50,354,24,1378,0,0,0,0,212,11,0,0,0,0,0,0,0,21,74,5,399,906,22,32,4,0.91,0.06,0,0,0.03,2520,0,995.96,2.02E+11
362b41bc9fe47c9a90c3a3af90eb796c,7.5,1,149,14,109,0,1066,3289.26,3652.94,1009.13,6.75,1006,1.05,1.17,5,3256.29,0,5,0.36,0,0,0,0,721,5,6370.4,1.15,0,0,0,721,0,0,0.64,22,3,118,7,740,3,0,10,0,17,0,0,0,3,0,0,3,0,0,15,1,2,167,1,9,0,0.33,0.33,0,0,0.33,4550,0,2849.25,2.02E+11
0ef10f55e2de7b6b2c7a9bbceca1b52e,6.9,1,1365,74,435,219,2531,839.5,3058.59,1058.8,5.13,6997,4.61,1.02,18,1026.92,10,12,0.16,7,282.86,0.92,920,2133,21,1300.57,1.03,10,0.93,1328,1925,634,0,0.5,981,65,218,28,1000,14,55,111,0,271,12,0,1,13,0,1,13,0,54,60,0,541,1053,0,7,2,0.14,0.86,0,0,0,705,0,738.18,2.02E+11
9059cac8ef91d4185a32df283f1861df,8.8,1,164,5,79,8,850,838.76,2492.02,599.73,3.29,540,0.81,0.99,0,307.2,0,0,0,0,0,0,31,93,0,0,0,0,0,31,93,856,0,0.49,20,0,116,4,173,4,0,38,0,11,0,0,0,4,0,0,4,0,3,7,0,55,128,3,6,0,0.67,0.33,0,0,0,230,0,245.6,2.02E+11
165793ae4a9ad47cd4cc079fec75b8f1,5.7,1,657,38,266,23,2728,693.47,3480.58,590.99,4.37,2870,0.89,0.94,4,458.21,3,4,0.11,3,1148,0.95,272,747,4,1399,0.72,3,0.95,272,747,2560,0,0.81,308,21,207,7,644,20,19,229,0,112,2,1,0,20,0,0,20,0,8,49,0,209,577,0,1,0,0,0,0,0,1,799,0,312.84,2.02E+11
54a1b5af63977d858d818a5141547485,6.7,1,262,20,112,0,75,405.08,2403.54,540.05,5,1311,0.81,0.9,1,205.2,0,0,0,0,0,0,0,446,1,1232,1.12,0,0,0,446,0,150,0.69,118,15,233,17,892,0,0,18,0,55,6,0,0,0,0,0,0,0,16,18,1,147,224,25,45,3,0.49,0.13,0,0,0.2,164,0,144.11,2.02E+11
2f840e664922cd5532a517b4ddc49f0d,5.9,1,858,38,260,121,240,1099.83,2820.4,638.8,4.8,4120,0.86,0.96,1,511.89,0,4,0.11,0,0,0,177,1202,1,12,0.97,0,0,444,935,0,0,1.25,246,4,886,62,3851,0,0,0,0,159,11,0,0,0,0,0,0,0,4,29,34,98,626,417,9,1,0,0,0.11,0,0.67,340,0,363.22,2.02E+11
1b3389c4ef5d90bedb2a23843041ed68,7,1,416,46,93,54,2971,314.51,2591.91,307.2,9.38,3903,0.74,0.89,3,337.13,8,5,0.11,4,144,0.84,327,832,7,1105.71,0.76,8,0.9,551,616,1248,0,1.9,186,22,113,12,1077,15,46,56,0,56,1,0,2,13,0,2,13,0,15,44,21,154,223,153,31,9,0.26,0.16,0.03,0.42,0.13,724,0,246.85,2.02E+11
9d60b4d7a0c03e9d105a2b08900c27ed,6.7,1,266,24,35,31,1438,891.55,2197.71,257.86,6.92,1841,0.89,1.03,0,721.33,1,0,0,1,496,0.78,154,209,0,0,0,1,0.78,303,60,0,0,0.23,163,19,59,4,336,3,20,71,0,33,2,2,0,3,0,0,3,0,8,19,0,65,238,0,5,0,1,0,0,0,0,30,0,641.19,2.02E+11
a63e809e45b10d9b448eb0e42ef1dc30,6.7,1,240,8,154,7,892,684.6,2845.82,554.88,3.79,909,0.68,0.86,1,911.5,0,1,0.12,0,0,0,14,514,1,4116,0.93,0,0,14,514,0,0,0.23,100,2,115,3,533,2,0,26,0,34,0,0,0,2,0,0,2,0,2,8,0,95,187,0,3,0,1,0,0,0,0,1809,0,749.6,2.02E+11
852e96e1c38699fa8cbba0a2efb70f2d,4.6,0,119,17,34,0,1569,390.29,1999.23,208.71,7.45,887,0.81,0.89,0,217.88,0,0,0,0,0,0,0,134,0,0,0,0,0,0,134,1028,0,0.27,38,2,49,7,266,6,0,26,0,17,0,0,0,6,0,0,6,0,0,27,1,0,161,6,3,0,1,0,0,0,0,108,0,153.71,2.02E+11
4bad2737c0de0cc8e8e58ef64349b22a,3.6,0,480,23,156,115,1008,699.47,2600.53,520.98,5.18,2488,0.79,0.99,2,600.7,3,2,0.09,3,926.67,0.93,390,725,2,1624,1.59,3,0.93,514,601,1200,0,0.67,155,14,327,15,1672,0,2,4,0,90,4,0,0,0,0,0,0,0,2,33,1,78,507,10,16,2,0.5,0.12,0,0,0.38,386,0,399.78,2.02E+11
9da6695ac660014a49e424f50c51b6b5,5.3,1,557,34,286,40,295,957.01,3640.92,655.78,4.38,2440,0.85,0.99,10,1161.76,0,10,0.29,0,0,0,0,920,10,2892.8,1.01,0,0,144,920,0,0,0.27,569,36,55,6,133,0,0,0,0,118,6,0,0,0,0,0,0,0,23,19,0,225,402,0,3,0,1,0,0,0,0,35,0,945.43,2.02E+11
2d8c37a5003f4ed6209e0381992f43e7,5.4,1,967,28,259,67,2472,965.73,2308.68,728.67,4.29,4147,1.11,1.03,1,1070.71,0,1,0.04,0,0,0,176,1330,1,4920,1.47,0,0,176,1330,1354,0,0.36,343,14,280,2,1094,5,0,149,0,156,15,5,0,5,0,0,5,0,2,32,7,27,853,226,34,4,0.88,0,0,0,0.12,12,0,755.22,2.02E+11
589158ddb501e841a6ae3e105d3a60d3,6.9,1,275,28,128,30,50,652.26,3557.66,399.77,5.81,1597,0.72,0.83,6,643.43,5,6,0.21,3,144,0.84,156,547,8,1706.5,0.64,5,0.89,242,485,0,100,0.69,308,32,2,1,27,0,0,14,0,36,4,0,0,0,0,0,0,0,20,27,0,179,238,0,61,7,0.51,0.21,0,0.07,0.21,156,0,387.49,2.02E+11
3ac71773a93aa5ce134297073f65e65c,6,1,72,6,0,13,524,320.11,853.28,412.89,5.04,363,0.77,0.87,0,648.67,0,0,0,0,0,0,18,0,0,0,0,0,0,18,0,1048,0,0.8,0,0,9,5,24,6,0,72,0,7,0,0,0,6,0,0,6,0,0,21,0,0,134,0,53,10,0.43,0.15,0.08,0.04,0.26,122,0,214.48,2.02E+11
2f840e664922cd5532a517b4ddc49f0d,5.9,1,858,38,260,121,240,1099.83,2820.4,638.8,4.8,4120,0.86,0.96,1,511.89,0,4,0.11,0,0,0,177,1202,1,12,0.97,0,0,444,935,0,0,1.25,246,4,886,62,3851,0,0,0,0,159,11,0,0,0,0,0,0,0,4,29,34,98,626,417,9,1,0,0,0.11,0,0.67,340,0,363.22,2.02E+11
c255d5ab87f0d4fc12f3c725df81195b,3.7,0,165,20,6,0,21,250.98,1186.42,624,5.56,917,0.89,1.02,0,307.2,0,0,0,0,0,0,0,6,0,0,0,0,0,0,6,0,0,0.33,0,0,188,24,966,0,0,0,0,53,6,0,0,0,0,0,0,0,0,29,2,0,225,6,32,3,0.88,0.09,0,0,0.03,256,0,198.19,2.02E+11
d8a2732ec9a8ca0ffb2963f6190d325f,4.2,0,94,10,15,2,334,631.11,1396.72,421.66,4.06,382,0.89,0.98,0,604,0,0,0,0,0,0,0,7,0,0,0,0,0,0,7,0,0,0.4,13,2,63,6,308,0,19,5,0,37,1,1,0,0,0,0,0,0,3,7,0,49,68,0,11,0,1,0,0,0,0,635,0,604,2.02E+11
4bad2737c0de0cc8e8e58ef64349b22a,3.6,0,480,23,156,115,1008,699.47,2600.53,520.98,5.18,2488,0.79,0.99,2,600.7,3,2,0.09,3,926.67,0.93,390,725,2,1624,1.59,3,0.93,514,601,1200,0,0.67,155,14,327,15,1672,0,2,4,0,90,4,0,0,0,0,0,0,0,2,33,1,78,507,10,16,2,0.5,0.12,0,0,0.38,386,0,399.78,2.02E+11
bb33d46997db3c72f076c7017f82d29a,3.3,0,626,32,278,19,1027,981.24,1907.97,509.35,4.05,2534,0.82,0.95,1,320.75,0,0,0,0,0,0,95,952,1,1092,1.01,0,0,95,952,800,0,0.62,262,33,429,19,1436,0,0,0,0,118,26,0,0,0,0,0,0,0,30,67,0,376,601,1,20,4,0.65,0.05,0,0.05,0.25,111,0,281.81,2.02E+11
ff095c82df21830b08192452e24e067d,2.5,0,626,35,117,0,252,458.79,1779.18,464,5.18,3244,1.16,1.01,1,509.37,0,0,0,0,0,0,0,502,1,1736,1.03,0,0,0,502,0,0,0.53,402,26,235,18,1563,0,0,0,0,154,21,0,0,0,0,0,0,0,4,55,2,45,772,3,42,3,0.48,0.38,0,0,0.14,552,0,321.77,2.02E+11
68d3998b8e5a4e3feb881dd104f18913,4.5,0,1183,40,285,4,1827,576.92,1854.59,592.97,3.39,4006,1.19,1.04,1,535.2,0,0,0,0,0,0,0,771,1,408,1.11,0,0,0,771,1462,0,0.32,273,17,627,32,2458,15,26,266,0,230,7,4,1,14,0,1,14,0,3,70,0,153,1277,0,74,2,0.84,0.16,0,0,0,279,0,307.29,2.02E+11
b252a94dd5c51487dcfde2482770f0a4,4.8,0,203,12,53,0,486,969.24,1701.1,666.46,2.47,502,0.81,0.95,0,344.67,0,0,0,0,0,0,0,114,0,0,0,0,0,0,114,480,0,0.46,0,0,225,21,794,6,0,14,0,32,8,0,0,6,0,0,6,0,0,25,3,0,275,40,7,1,0.71,0.29,0,0,0,128,0,174.29,2.02E+11
23f4d2b9f105186e6fba9e12da2b2cb5,4.7,0,151,30,3,14,1531,362.57,1352.48,184.64,8.53,1288,0.92,0.97,0,406.4,3,0,0,3,265.33,0.84,130,18,0,0,0,3,0.84,133,18,0,0,1.16,40,20,38,5,493,0,0,0,0,42,4,0,0,0,0,0,0,0,11,15,18,30,61,102,5,3,0.2,0.6,0,0.2,0,131,0,277.09,2.02E+11
e7c7d247c6b9c1ba32cdc279c5ed3aa7,7.5,1,340,61,187,8,2372,604.65,3445.58,404.91,9.19,3123,0.76,0.92,30,496.66,3,22,0.36,3,78.67,0.96,96,1551,30,615.87,0.91,3,0.96,96,1551,240,0,1.45,58,9,257,42,2321,14,0,53,23,53,2,2,0,12,2,0,12,2,9,64,15,16,328,92,24,15,0.08,0.33,0,0.29,0.08,607,36,363.73,2.02E+11
c61aa89c6acf0f0f03a807c9c360de1d,8.2,1,344,63,79,63,4129,752.5,2822.02,382.36,8.88,3053,0.87,1.15,15,887.3,12,11,0.17,5,216.8,1.17,260,850,16,1380.25,1.27,12,1.13,744,738,3000,0,0.69,84,10,93,21,723,27,0,155,32,64,5,1,0,21,6,0,21,6,4,74,15,25,399,69,86,19,0.33,0.28,0.02,0.01,0.35,996,30,613.42,2.02E+11
af7831fc58d3d823584f6e71a4620e00,9.2,1,739,43,137,150,3311,357.47,2274.7,662.78,4.85,3581,1.26,0.91,2,237.02,4,0,0,4,12,0.8,449,560,2,1724,1.1,4,0.8,489,560,2120,0,0.8,164,6,100,7,439,9,0,186,6,126,4,0,0,9,0,0,9,0,10,51,0,20,800,6,37,10,0.32,0.03,0,0.03,0.62,519,19,173.7,2.02E+11
e38e1c7952ce1bf8c772d96ca5e7c364,9,1,1181,92,315,415,7310,731.03,2713.84,509.32,6.54,7722,0.88,1.07,28,923.65,13,17,0.18,8,319.5,0.97,999,2560,29,1069.52,0.96,13,1.05,2612,2185,3480,0,0.85,349,38,143,17,920,29,73,479,38,239,14,6,2,20,7,2,20,7,12,101,13,171,1013,117,127,26,0.24,0.06,0.03,0.01,0.62,604,70,674.89,2.02E+11
e8ee05ab939ba54b3145d98b8cc9ca10,7.5,1,144,19,38,0,2087,625.53,2105.67,425.06,6.95,1001,0.89,0.89,3,558.95,0,0,0,0,0,0,0,320,3,882.67,1.21,0,0,0,320,480,0,0.65,40,3,7,1,23,0,0,17,5,26,3,0,0,0,0,0,0,0,0,19,11,0,141,53,43,10,0.49,0.26,0,0.02,0.19,0,169,410.4,2.02E+11
584ae28eda2369cd254fe3205f6300c3,7.9,1,717,46,196,215,120,824.17,3233.04,695.56,5.36,3840,1.34,0.99,10,832.61,9,7,0.15,4,300,0.94,379,1157,14,1506.86,1.03,9,1.09,1064,879,0,0,0.6,0,0,816,75,4138,0,0,47,6,136,18,0,0,0,0,0,0,0,0,72,21,71,594,306,68,14,0.5,0.26,0,0.01,0.19,535,94,457.59,2.02E+11
f5f9f366fb533b8cd5f7f4f4284bf33b,6.8,1,425,26,155,54,2052,624.55,2213.04,658.85,5.23,2224,0.87,0.98,0,429.54,2,0,0,2,510,1.04,488,547,0,0,0,2,1.04,488,547,720,0,0.6,38,2,177,4,587,2,4,7,29,102,2,0,0,0,2,0,0,2,0,32,13,9,219,262,40,15,0.68,0.1,0,0.08,0.15,0,41,261.87,2.02E+11
0d6760b38e52aa80c85686d5e8d3ce01,8,1,757,22,178,58,2643,1655.57,2199.42,511.01,5.3,4014,0.9,1,2,1898.91,1,0,0,1,828,0.63,179,1097,2,7396,1.31,1,0.63,179,1097,2356,0,0.82,360,7,64,2,357,10,0,281,51,75,1,0,0,10,0,0,10,0,0,32,9,0,755,132,82,14,0.52,0.17,0.01,0.05,0.22,0,85,1052.98,2.02E+11
a6b1010af4fc455ee5abb604dcf918f7,6.7,1,331,34,0,0,1685,385.49,1392.07,350.67,6.22,2059,0.86,0.96,0,614,0,0,0,0,0,0,0,0,0,0,0,0,0,0,0,1104,0,0.33,76,5,9,1,56,12,0,227,12,81,5,1,0,12,0,0,12,0,1,48,4,2,513,48,151,9,0.74,0.26,0,0,0,0,62,430.42,2.02E+11
3931eae4cdc0412af1a5f55122c10d61,9.6,1,618,105,64,171,11028,612.14,2658.98,424.22,8.66,5354,1.26,1.01,19,614.59,16,10,0.1,15,355.47,1.02,1007,815,19,1515.79,1.12,16,1.04,1342,683,3080,82,1.22,166,36,24,18,218,58,52,240,30,110,6,4,10,40,8,10,40,8,19,116,18,71,516,117,56,20,0.41,0.16,0,0.04,0.39,92,47,431.92,2.02E+11
eee2c576a5ab73f945b6edb32219b192,7.1,1,262,30,1,7,1240,486.96,1493.97,423.54,6.57,1722,0.85,0.94,0,342.53,0,0,0,0,0,0,3,0,0,0,0,0,0,3,0,480,0,0.38,204,28,27,2,327,1,0,28,7,63,3,0,0,0,1,0,0,1,4,37,2,35,290,15,11,2,1,0,0,0,0,1132,108,262.33,2.02E+11
3c8ae9ab5e5526114477e99179a8ad12,4.8,0,525,99,57,90,6677,166.98,1824.91,157.78,9.8,5147,1.19,1.13,9,179.39,18,0,0,22,255.45,1.57,1159,656,5,264,1.12,18,0.98,1147,671,4098,354,0.88,87,8,325,58,1522,49,1,194,46,95,8,3,0,46,3,0,46,3,4,161,23,39,745,208,255,40,0.49,0.14,0.06,0.12,0.16,69,84,121.77,2.02E+11
1e376f963d322d0143758005f37fa0bc,1.7,0,3484,162,1288,621,7707,491.13,3766.52,429.84,3.95,13760,1.84,1.4,47,841.85,35,16,0.1,28,1077,1.72,2067,3024,41,1694.15,1.13,35,1.5,2714,3607,1926,1912,0.87,1763,95,1409,116,6325,28,85,737,6,403,67,20,2,25,1,2,25,1,47,247,9,912,3223,86,216,46,0.4,0.23,0,0.14,0.22,744,185,531.13,2.02E+11
a357f1dc55f01a1aca48bba495f91521,6.2,1,445,29,44,0,840,477.6,1874.08,566.06,4.95,2202,1.06,1.07,0,798.07,0,0,0,0,0,0,0,207,0,0,0,0,0,0,207,0,0,0.78,0,0,377,28,1776,0,0,0,8,73,1,0,0,0,0,0,0,0,9,49,2,71,422,31,65,18,0.38,0.28,0.05,0.05,0.25,712,127,440.53,2.02E+11
0587de009df87fa1ff2329468c0d65f0,7.1,1,238,38,101,41,2027,934.66,4150.32,500.12,8.56,2037,0.83,1.01,0,1202.84,6,1,0.03,4,102,0.87,86,439,0,0,0,6,0.99,423,439,1200,0,0.96,44,8,135,4,761,19,10,55,4,22,1,1,1,18,0,1,18,0,5,33,3,40,170,38,12,4,0,0,0,0,1,1099,537,1153.76,2.02E+11
e63a86d19edf6ea36fcbb8a450e21959,4,0,1129,80,217,149,4900,355.81,1751.11,451.96,4.72,5334,0.78,1,12,316.8,6,0,0,10,316.4,1.34,562,763,7,652,1.06,6,0.96,519,928,2840,0,0.51,150,9,397,43,2330,52,113,381,190,182,8,1,6,23,23,6,23,23,11,77,39,158,893,342,106,18,0.68,0.09,0.01,0.01,0.21,187,117,231.15,2.02E+11
fc3bae4b7271803308c96bf413773878,5.6,1,1480,69,289,526,5842,1430.77,2961.36,781.36,4.55,6734,0.92,0.96,11,1635.01,11,12,0.17,9,896.44,1,701,1066,12,4726.33,0.89,11,1.05,2162,857,2682,0,0.48,343,21,281,30,908,25,29,339,37,207,5,2,1,20,4,1,20,4,13,93,26,352,1197,260,184,27,0.65,0.26,0,0.02,0.06,1329,77,918.33,2.02E+11
7778d80908ace05501a05067b903b7e2,6,1,1051,26,253,88,1903,953.88,2459.06,759.63,3.52,3699,0.92,1.16,2,1128.92,2,1,0.04,2,2918,1.6,245,609,2,2434,1.25,2,1.6,364,609,1680,0,0.53,412,14,386,19,1762,7,0,189,7,211,18,0,0,6,1,0,6,1,1,60,3,45,1154,68,39,12,0.62,0.15,0,0,0.18,640,31,503.94,2.02E+11
2a4df73484dddb6300a7d49ec110c126,2.9,0,159,35,25,34,5570,909.94,2622.04,142.92,11.62,1848,0.86,1.03,8,1115.54,6,3,0.09,4,12,0.96,226,577,10,3462,1.13,6,0.97,429,401,3000,0,1.93,84,12,1,0,0,23,18,46,15,22,0,0,4,15,4,4,15,4,4,45,6,18,157,29,24,12,0.12,0.08,0,0.58,0.08,0,34,728.36,2.02E+11
d4d395f8f3879cec9059f5caf2acb4b7,6.3,1,1113,37,158,208,2726,739.58,1819.9,707.45,4.23,4710,0.84,1.02,0,882.38,4,2,0.05,4,420,0.67,867,599,0,0,0,4,0.67,867,599,0,0,0.78,223,3,308,12,1150,4,105,128,21,224,7,2,2,2,0,2,2,0,15,51,16,351,924,313,309,32,0.36,0.25,0.03,0.03,0.2,1220,121,472.49,2.02E+11
d7b3d7f219607351da0d512e42359f13,2.1,0,1202,79,21,124,3408,512.95,1531.32,578.36,4.5,5407,0.92,1,1,459.44,8,0,0,9,172.44,1,500,45,0,0,0,8,0.99,493,52,1440,0,0.95,320,17,160,33,778,46,0,551,176,255,20,11,0,26,20,0,26,20,4,73,69,8,1019,543,266,41,0.25,0.3,0.1,0.09,0.25,184,241,338.49,2.02E+11
74ae2a87098dab7bc38c2d52e780f5eb,0,0,115,6,20,0,810,181.98,1141.74,229.5,4.19,482,0.84,1,0,180,0,0,0,0,0,0,0,36,0,0,0,0,0,0,36,960,0,0.6,1,0,39,7,123,5,1,77,14,17,0,0,0,3,2,0,3,2,4,16,2,25,174,29,96,10,0.5,0.22,0.03,0.01,0.16,2,78,84.55,2.02E+11
e63a86d19edf6ea36fcbb8a450e21959,4,0,1129,80,217,149,4900,355.81,1751.11,451.96,4.72,5334,0.78,1,12,316.8,6,0,0,10,316.4,1.34,562,763,7,652,1.06,6,0.96,519,928,2840,0,0.51,150,9,397,43,2330,52,113,381,190,182,8,1,6,23,23,6,23,23,11,77,39,158,893,342,106,18,0.68,0.09,0.01,0.01,0.21,187,117,231.15,2.02E+11
52ab2505048fe6b8061c1d7f147daef2,0.9,0,847,63,222,44,7370,908.42,3325.65,477.28,5.17,4380,0.82,0.96,18,1290.92,8,9,0.14,6,103.33,0.78,217,1026,19,3365.05,1.05,8,0.84,281,1002,720,0,0.79,450,27,56,9,354,18,22,369,21,146,9,1,2,15,1,2,15,1,15,48,19,95,741,163,87,9,0.59,0.02,0,0.02,0.37,629,21,1004.59,2.02E+11
18a6c46539fe3889969c11cc0f9e69fa,3.8,0,412,50,133,0,1992,496.29,2537.44,538.29,6.33,2610,1.37,1.25,10,457.2,0,1,0.02,0,0,0,0,994,10,868.8,1.41,0,0,0,994,1520,0,0.38,176,12,57,19,366,20,0,100,32,62,4,1,0,9,11,0,9,11,13,34,17,64,322,74,13,2,1,0,0,0,0,136,188,368.06,2.02E+11
3c8ae9ab5e5526114477e99179a8ad12,4.8,0,525,99,57,90,6677,166.98,1824.91,157.78,9.8,5147,1.19,1.13,9,179.39,18,0,0,22,255.45,1.57,1159,656,5,264,1.12,18,0.98,1147,671,4098,354,0.88,87,8,325,58,1522,49,1,194,46,95,8,3,0,46,3,0,46,3,4,161,23,39,745,208,255,40,0.49,0.14,0.06,0.12,0.16,69,84,121.77,2.02E+11
1e376f963d322d0143758005f37fa0bc,1.7,0,3484,162,1288,621,7707,491.13,3766.52,429.84,3.95,13760,1.84,1.4,47,841.85,35,16,0.1,28,1077,1.72,2067,3024,41,1694.15,1.13,35,1.5,2714,3607,1926,1912,0.87,1763,95,1409,116,6325,28,85,737,6,403,67,20,2,25,1,2,25,1,47,247,9,912,3223,86,216,46,0.4,0.23,0,0.14,0.22,744,185,531.13,2.02E+11
2a1c534db1e5b9c40c72d9d88020d554,1.5,0,704,43,80,69,1686,238.14,1675.34,626.67,4.01,2826,0.92,0.99,2,158.6,0,0,0,0,0,0,93,289,2,264,1.17,0,0,127,266,1440,0,0.75,254,29,167,22,956,13,11,362,4,123,8,4,0,13,0,0,13,0,32,38,0,184,656,4,86,6,0.23,0.09,0,0,0.67,173,99,147.14,2.02E+11
d7b3d7f219607351da0d512e42359f13,2.1,0,1202,79,21,124,3408,512.95,1531.32,578.36,4.5,5407,0.92,1,1,459.44,8,0,0,9,172.44,1,500,45,0,0,0,8,0.99,493,52,1440,0,0.95,320,17,160,33,778,46,0,551,176,255,20,11,0,26,20,0,26,20,4,73,69,8,1019,543,266,41,0.25,0.3,0.1,0.09,0.25,184,241,338.49,2.02E+11
74ae2a87098dab7bc38c2d52e780f5eb,0,0,115,6,20,0,810,181.98,1141.74,229.5,4.19,482,0.84,1,0,180,0,0,0,0,0,0,0,36,0,0,0,0,0,0,36,960,0,0.6,1,0,39,7,123,5,1,77,14,17,0,0,0,3,2,0,3,2,4,16,2,25,174,29,96,10,0.5,0.22,0.03,0.01,0.16,2,78,84.55,2.02E+11
a56f73efc6ea02b290bee5650394a874,10,1,780,66,303,161,7420,417.84,3579.12,988.01,5.26,4103,0.74,0.87,15,437.45,12,9,0.14,6,278,1,653,1234,16,570.25,0.89,12,0.87,1109,1210,3480,0,0.89,197,18,11,9,8,59,198,302,0,128,3,1,27,32,0,27,32,0,40,87,0,357,523,0,72,37,0.47,0.18,0,0.14,0.1,115,5,237.35,2.02E+11
50958cd9cace77f7c16025171764d327,9.2,1,91,24,7,10,3332,277.41,1502.59,39.16,10.59,964,1.03,1.1,1,193.83,1,1,0.04,1,12,0.61,70,114,1,472,1.18,1,0.61,118,114,2674,0,0.48,23,5,1,1,26,13,3,51,0,19,2,1,0,13,0,0,13,0,1,31,0,5,117,0,32,9,0.66,0.19,0,0,0.16,12,152,164.38,2.02E+11
a456c4050e08099ba862bef8ae5dc8de,9,1,651,44,178,168,2630,1062.41,3423.23,609.6,4.91,3195,0.97,1.39,6,1548.18,6,7,0.16,4,685,1.04,345,840,7,1974.86,1.32,6,1.3,872,730,1680,0,1.08,275,24,441,39,1973,20,21,141,0,110,5,1,1,19,0,1,19,0,21,64,0,201,689,0,28,5,0.21,0.36,0.07,0.21,0,1262,686,1131.06,2.02E+11
e9030117eef88951c64623ea5489e3f5,9.4,1,569,55,245,13,2439,668.93,3500.29,423.72,5.74,3266,1.02,1.07,16,1230.4,0,8,0.15,0,0,0,17,1327,16,2024.75,1.07,0,0,17,1327,720,0,0.78,94,6,279,34,1574,7,25,70,0,83,2,1,0,7,0,0,7,0,11,57,0,89,545,0,41,7,0.59,0.15,0,0.12,0.15,1330,58,1012.35,2.02E+11
8c11e5b8ca8d0e6c25cac18d8816656f,6.9,1,1002,42,429,70,2960,557.17,3175.64,787.52,4.6,4609,0.78,0.93,9,482.19,0,5,0.12,0,0,0,70,1866,9,1107.56,1.03,0,0,80,1866,720,0,0.74,547,26,26,0,29,30,112,608,0,110,2,2,6,24,0,6,24,0,25,60,3,312,1038,11,264,26,0.46,0.06,0.01,0.02,0.36,0,73,270.27,2.02E+11
12550fb591426e0ebf627d1ddbfd0dbf,6.8,1,221,30,10,53,3390,568.42,1728.02,201.34,7.41,1638,0.97,1.04,0,886.93,6,3,0.1,5,863.2,1.14,392,147,1,316,1.07,6,1.13,471,68,3000,0,0.97,40,3,54,8,459,14,41,50,0,28,0,0,4,10,0,4,10,0,13,44,4,79,229,16,73,22,0.32,0.11,0.07,0.11,0.38,1434,373,564.46,2.02E+11
d6967ecb99d0e0c7ecd1de62a55da433,5.7,1,1424,41,510,120,2359,865.6,2727.31,729.85,4.26,6069,0.98,0.95,8,901.46,3,8,0.2,3,285.33,0.88,420,2387,8,1645.5,0.84,3,0.88,443,2387,720,0,0.76,435,15,442,25,2890,10,55,208,0,219,7,0,4,6,0,4,6,0,17,70,0,324,1186,0,40,21,0.55,0.15,0.02,0.05,0.15,923,53,503.26,2.02E+11
f327b5118042c428a8a4aee38c562bd5,9.4,1,620,73,129,107,4280,1056.4,2418.46,319.74,7.38,4578,0.88,1,19,1903.23,7,14,0.19,7,1388.57,1.11,720,1024,19,4203.58,0.98,7,1.11,720,1024,3480,0,1.06,206,33,260,25,1735,39,66,326,0,115,3,3,6,33,0,6,33,0,22,97,0,233,689,2,85,17,0.28,0.08,0.33,0.04,0.26,1730,475,1264.74,2.02E+11
9dae0307529eb060cfcb0e73b61f8076,6.3,1,820,23,197,112,2711,838.11,3031.14,861.5,3.68,3020,1.03,1.05,3,1336.52,0,3,0.13,0,0,0,387,526,3,4992,0.68,0,0,393,520,1604,0,0.98,238,2,97,3,236,11,46,273,0,92,1,0,0,11,0,0,11,0,1,38,0,125,860,1,153,15,0.32,0.3,0.06,0.16,0.08,4992,26,798.36,2.02E+11
632aa61d43181ec8c12da13ec48e3527,6.5,1,1131,103,556,166,2869,716.78,3483.47,577.08,7.36,8319,0.78,0.92,45,988.85,12,33,0.32,6,96,0.92,451,3792,48,1615.25,0.86,12,0.97,1115,3495,1584,0,0.79,637,53,501,84,3815,13,28,186,0,249,21,4,0,13,0,0,13,0,39,143,0,299,1074,0,40,14,0.65,0.08,0.05,0.12,0.1,951,14,581.23,2.02E+11
047477f4513b822bf8ea2e90e3ae6c23,6.1,1,837,116,158,171,2635,298.5,2448.22,522.31,6.8,5692,0.95,1.1,12,362.62,21,9,0.08,13,24.92,1.32,679,882,12,929,1.05,21,1.47,1270,882,720,0,0.75,186,10,336,133,2824,13,122,106,0,200,6,1,7,6,0,7,6,0,50,124,34,238,650,141,92,25,0.47,0.14,0.02,0.07,0.3,337,156,267.25,2.02E+11
a2f132c0bc83e0438399abef26a7ad0b,6.4,1,340,29,82,32,3072,1218.27,3026.71,401.86,7.35,2500,0.98,1.05,0,816.14,2,0,0,2,1038,1.13,182,684,0,0,0,2,1.13,245,624,2560,0,0.78,82,1,116,10,845,14,56,111,0,58,1,1,3,11,0,3,11,0,10,34,0,156,247,0,45,10,0.56,0.11,0.13,0.02,0.11,887,37,546.36,2.02E+11
dd9b2c3f0856683e70d14bae5ebf2cf9,6.9,1,1734,142,752,2,2213,1543.59,3056.99,551.95,5.74,9947,1.01,0.9,55,2353.86,0,48,0.34,0,0,0,3,5116,55,3981.96,0.76,0,0,3,5116,1680,0,0.81,1242,161,481,60,3571,27,29,356,0,447,14,7,3,24,0,3,24,0,25,235,29,112,1849,334,34,8,0.29,0,0.03,0,0.59,1950,48,1215.28,2.02E+11
28b9896f63c023e221fd2fd360509561,6,1,830,49,202,217,5924,1175.73,2916.27,634.95,6.56,5447,4.25,0.89,16,876.08,6,16,0.33,4,403,0.93,588,1464,17,1168,0.71,6,0.94,1226,1313,3480,0,0.85,184,7,153,38,628,23,15,257,0,143,11,0,1,22,0,1,22,0,20,70,0,77,838,25,91,19,0.22,0.11,0.01,0.03,0.56,483,379,585.29,2.02E+11
d9261d30ce2a5a533903600b4b03214f,2.3,0,919,37,300,0,1949,436.96,2759.64,752.28,3.87,3555,0.9,0.94,6,396.65,0,8,0.22,0,0,0,0,854,6,1097.33,0.61,0,0,0,854,1520,0,0.84,290,5,246,15,1061,23,43,425,0,159,14,5,0,23,0,0,23,0,8,51,0,245,896,0,121,8,0.62,0.06,0.07,0.06,0.15,528,310,303.53,2.02E+11
05231c3e3b13bf76eaf69e6ebcc7eeca,9,1,226,23,3,17,1320,810.74,1596.88,495.68,6.73,1521,0.98,0.74,1,854.43,0,2,0.09,0,0,0,0,8,1,1280,0.58,0,0,56,8,960,0,0.65,31,6,86,24,648,13,0,122,0,50,1,1,0,13,0,0,13,0,0,66,0,0,378,0,102,15,0.55,0.36,0,0.06,0.02,216,100,347.52,2.02E+11
f6d47e0c20ca9977960e3d84b2703d15,7.7,1,278,23,55,0,1320,1094.52,1988.58,487.78,6.89,1916,0.78,0.83,3,1264.17,0,3,0.13,0,0,0,0,454,3,5032,1.05,0,0,0,454,960,0,0.79,46,1,215,14,1132,12,0,134,0,51,6,2,0,12,0,0,12,0,0,42,1,0,440,7,53,7,0.42,0.32,0,0.06,0.15,1478,218,757.4,2.02E+11
0aa9884c48b8b10ab9e15b20d8bae760,8.1,1,711,99,231,155,2100,1620.18,3434.32,557.3,7.42,5275,0.86,0.97,14,1447.11,24,11,0.11,14,464.29,0.98,415,2140,20,3963,0.89,24,0.99,1407,1825,720,240,0.79,397,64,516,79,3734,2,0,2,0,161,3,0,0,2,0,0,2,0,14,124,32,83,654,233,17,11,0.24,0.24,0,0,0.41,1309,17,854.09,2.02E+11
f723ce1b18819e5a0d7d1192250d1f7e,6.3,1,61,8,0,0,1013,252.92,958.75,353.44,7.62,465,0.88,0.96,0,313,0,0,0,0,0,0,0,0,0,0,0,0,0,0,0,720,0,0.87,21,9,0,0,0,8,0,61,0,18,2,2,0,8,0,0,8,0,0,27,0,0,117,0,35,10,0.49,0.23,0,0.11,0.14,0,55,113.19,2.02E+11
aad861c332ca88b09bdfba1d2449ad83,5.4,1,47,25,1,11,2820,225.53,1498.47,130.81,18.6,874,1.05,1.02,0,211.04,4,4,0.16,4,45,1.09,135,0,0,0,0,4,1.09,135,0,3480,0,1.53,3,1,1,1,6,14,0,18,0,9,3,0,0,14,0,0,14,0,3,39,2,6,65,3,20,12,0.2,0.35,0,0.4,0.05,0,16,137,2.02E+11
6b6d7ccb2d17389de91cd8135aaacb5a,1.9,0,988,80,40,156,840,592.65,1841.79,355.62,6.8,6716,0.87,0.95,3,664.4,9,0,0,9,1000,0.99,739,463,3,2044,0.67,9,0.98,1048,169,1680,0,0.73,280,17,789,82,4423,1,0,2,0,243,34,0,0,1,0,0,1,0,26,101,3,315,998,31,100,9,0.33,0.21,0.02,0.03,0.41,503,311,476.43,2.02E+11
9d0c4080db434e2ab16c80ce2b994f92,4,0,937,25,61,0,1748,345.01,1549.51,936.35,3.28,3073,0.79,1,0,401.92,0,0,0,0,0,0,0,23,0,0,0,0,0,0,23,1564,0,0.64,179,1,481,12,1792,8,0,229,0,194,11,5,0,8,0,0,8,0,2,49,0,95,1162,46,304,19,0.54,0.22,0.11,0.01,0.09,384,113,308.24,2.02E+11
0afa2f3d4503bc07e89088694b0f7b53,4.7,0,827,45,286,0,1080,444.8,2929.69,542.11,3.63,3000,0.77,0.94,6,468.18,0,5,0.11,0,0,0,0,1072,6,2067.33,0.8,0,0,0,1072,1680,0,1.53,283,14,567,55,1906,4,0,29,0,140,12,0,0,4,0,0,4,0,37,61,3,409,640,52,8,3,0.25,0,0,0.25,0.12,437,188,304.4,2.02E+11
f723ce1b18819e5a0d7d1192250d1f7e,6.3,1,61,8,0,0,1013,252.92,958.75,353.44,7.62,465,0.88,0.96,0,313,0,0,0,0,0,0,0,0,0,0,0,0,0,0,0,720,0,0.87,21,9,0,0,0,8,0,61,0,18,2,2,0,8,0,0,8,0,0,27,0,0,117,0,35,10,0.49,0.23,0,0.11,0.14,0,55,113.19,2.02E+11
3ccc40fe3fb96ab9dd4ecb18e5ba7f79,3.6,0,33,22,1,0,1080,609.45,1159.15,113.45,13.12,433,0.93,0.91,0,551.82,0,0,0,0,0,0,0,23,0,0,0,0,0,0,23,720,240,1.27,15,10,6,3,38,0,0,0,0,18,0,0,0,0,0,0,0,0,2,31,0,2,47,0,11,8,0.27,0.36,0.18,0.09,0,0,344,451.39,2.02E+11
dd4a6ebb72e5b057a51fee46587a19c9,2.9,0,293,21,16,8,840,495.8,1196.9,531.25,5.08,1489,0.89,0.98,0,445.14,1,0,0,1,12,1.18,24,78,0,0,0,1,1.18,24,78,1520,0,0.61,0,0,166,15,880,7,0,89,0,57,4,0,0,7,0,0,7,0,2,43,0,27,333,0,46,14,0.39,0.5,0,0.02,0.07,378,28,257.07,2.02E+11
b07aced80770ac794f423aa3d6cb97db,5.8,1,676,21,162,11,971,402.89,1781.68,748.17,2.75,1857,0.82,0.99,5,253.9,0,5,0.24,0,0,0,0,829,5,686.4,0.82,0,0,10,819,1458,0,1.09,147,6,360,19,1382,11,0,174,0,108,3,0,0,11,0,0,11,0,0,41,0,78,850,26,116,7,0.28,0.05,0.03,0.15,0.49,249,61,161.95,2.02E+11
dcfcf33c59aacacd6b65095a00e72dc5,4.7,0,450,24,204,11,580,306.68,2580.61,525.43,3.98,1790,0.82,0.88,2,343.67,2,2,0.08,2,352,0.64,73,496,2,1596,0.8,2,0.64,73,496,0,0,0.85,308,21,198,24,1119,0,0,48,0,108,5,0,0,0,0,0,0,0,15,36,0,124,476,0,8,3,0,0.12,0,0,0.88,260,252,221.57,2.02E+11
8178d6766a506fc5334b6f901b487b7e,1.3,0,392,31,16,3,1812,520.55,1459.12,264.35,6.72,2636,0.74,0.86,0,625.55,0,0,0,0,0,0,0,69,0,0,0,0,0,32,37,1142,0,0.7,86,5,162,24,1216,4,0,118,0,57,4,0,0,4,0,0,4,0,0,43,1,0,460,23,40,5,0.2,0.48,0,0,0.32,750,115,584.45,2.02E+11
cc2fafc44248c5753238a4bafba84e14,2.7,0,146,9,65,0,686,311.32,1869.92,328.99,5.14,750,0.8,0.96,1,262.22,0,1,0.11,0,0,0,0,317,1,12,0.9,0,0,0,317,1372,0,0.54,6,1,115,8,411,5,0,72,0,20,0,0,0,5,0,0,5,0,1,23,1,1,253,24,74,7,0.58,0.3,0,0.03,0.09,34,116,189.6,2.02E+11
952dd801db0c5decf0f185021445112c,5.6,1,363,20,138,0,1080,1448.1,2357.5,788.72,7.17,2604,0.84,0.97,2,1237.8,0,3,0.15,0,0,0,0,626,2,4066,1.19,0,0,0,626,960,0,0.48,37,1,347,18,1967,9,0,110,0,28,3,2,0,9,0,0,9,0,4,40,0,87,464,0,66,12,0.79,0.09,0,0.02,0.06,870,65,593.55,2.02E+11
9d0c4080db434e2ab16c80ce2b994f92,4,0,937,25,61,0,1748,345.01,1549.51,936.35,3.28,3073,0.79,1,0,401.92,0,0,0,0,0,0,0,23,0,0,0,0,0,0,23,1564,0,0.64,179,1,481,12,1792,8,0,229,0,194,11,5,0,8,0,0,8,0,2,49,0,95,1162,46,304,19,0.54,0.22,0.11,0.01,0.09,384,113,308.24,2.02E+11
9196c77374a9fba5b2dfd78bf6363dc8,4.2,0,142,34,3,0,521,336.9,1448.06,250.7,7.04,999,0.94,0.97,0,358.82,0,0,0,0,0,0,0,3,0,0,0,0,0,0,3,1030,0,0.74,0,0,65,37,646,3,0,79,0,59,13,0,0,3,0,0,3,0,1,60,0,1,226,0,62,16,0.45,0.26,0,0.08,0.19,252,132,240.98,2.02E+11
ae8521df773cb97772fa55aa2f9039dc,0,0,658,39,87,0,1202,611.33,1775.43,417.13,5.58,3672,0.98,0.95,0,518.77,0,0,0,0,0,0,0,329,0,0,0,0,0,0,329,0,354,0.71,181,10,559,51,3018,7,0,188,0,105,9,1,0,7,0,0,7,0,15,65,4,57,822,72,112,15,0.37,0.25,0.01,0.02,0.26,336,238,310.29,2.02E+11
0ffd08b55164fa1426ab8afc6a9cb64e,0,0,138,26,0,22,621,235.07,1137.65,443.97,5.3,732,1.86,0.92,0,258.62,6,0,0,6,292,0.97,188,0,0,0,0,6,0.97,188,0,0,0,0.7,24,0,141,27,867,5,0,66,0,55,12,5,0,5,0,0,5,0,6,45,7,20,355,28,184,23,0.49,0.29,0.01,0.07,0.14,175,8,122.62,2.02E+11
21bb687b6250655933cad690986e1b4b,3.2,0,85,17,6,0,212,443.2,1399.15,387.95,7.4,629,0.98,1.05,3,312.94,0,1,0.06,0,0,0,0,88,3,540,1.01,0,0,0,88,424,0,0.81,0,0,85,24,643,0,0,0,0,48,7,0,0,0,0,0,0,0,3,35,10,8,112,39,41,18,0.29,0.24,0,0.02,0.24,249,197,208.58,2.02E+11
6b6d7ccb2d17389de91cd8135aaacb5a,1.9,0,988,80,40,156,840,592.65,1841.79,355.62,6.8,6716,0.87,0.95,3,664.4,9,0,0,9,1000,0.99,739,463,3,2044,0.67,9,0.98,1048,169,1680,0,0.73,280,17,789,82,4423,1,0,2,0,243,34,0,0,1,0,0,1,0,26,101,3,315,998,31,100,9,0.33,0.21,0.02,0.03,0.41,503,311,476.43,2.02E+11
5c46f79ebaa80cfb2fd3ae1d20a47e4c,2.1,0,151,14,0,0,891,192.32,837.72,332.37,3.74,565,0.97,1.06,0,175.43,0,0,0,0,0,0,0,0,0,0,0,0,0,0,0,1302,0,0.56,1,0,46,8,145,11,0,132,0,44,2,0,0,11,0,0,11,0,0,28,0,3,217,0,38,6,0.79,0.08,0.03,0.05,0,2,782,255.29,2.02E+11
c651b390081ca52ab27831e96a0ac4c3,0,0,607,22,24,5,1363,219.31,1265.12,427.26,3.8,2307,0.79,0.93,0,157.09,0,0,0,0,0,0,0,5,0,0,0,0,0,21,5,1440,0,0.39,183,9,141,6,541,9,0,303,0,92,9,6,0,9,0,0,9,0,11,18,0,155,577,0,45,2,0.76,0.22,0,0,0.02,265,92,163.31,2.02E+11
0ffd08b55164fa1426ab8afc6a9cb64e,0,0,138,26,0,22,621,235.07,1137.65,443.97,5.3,732,1.86,0.92,0,258.62,6,0,0,6,292,0.97,188,0,0,0,0,6,0.97,188,0,0,0,0.7,24,0,141,27,867,5,0,66,0,55,12,5,0,5,0,0,5,0,6,45,7,20,355,28,184,23,0.49,0.29,0.01,0.07,0.14,175,8,122.62,2.02E+11
8178d6766a506fc5334b6f901b487b7e,1.3,0,392,31,16,3,1812,520.55,1459.12,264.35,6.72,2636,0.74,0.86,0,625.55,0,0,0,0,0,0,0,69,0,0,0,0,0,32,37,1142,0,0.7,86,5,162,24,1216,4,0,118,0,57,4,0,0,4,0,0,4,0,0,43,1,0,460,23,40,5,0.2,0.48,0,0,0.32,750,115,584.45,2.02E+11
ae8521df773cb97772fa55aa2f9039dc,0,0,658,39,87,0,1202,611.33,1775.43,417.13,5.58,3672,0.98,0.95,0,518.77,0,0,0,0,0,0,0,329,0,0,0,0,0,0,329,0,354,0.71,181,10,559,51,3018,7,0,188,0,105,9,1,0,7,0,0,7,0,15,65,4,57,822,72,112,15,0.37,0.25,0.01,0.02,0.26,336,238,310.29,2.02E+11
03f29625016eff9eac728adc2954717d,6.2,1,91,14,0,0,960,717.93,972.44,589.41,8.36,761,0.91,0.95,0,1118.57,0,0,0,0,0,0,0,0,0,0,0,0,0,0,0,240,0,0.99,0,0,0,0,0,13,4,75,0,35,3,3,0,13,0,0,13,0,1,32,0,22,120,0,49,18,0.27,0.14,0.18,0.02,0.31,0,0,474.55,2.02E+11
876b12751f228d961a217962032245e2,6.9,1,653,35,64,137,400,698.49,1947.02,554.66,5,3266,0.78,0.98,0,1629.71,6,0,0,4,817,0.92,384,391,2,1820,0.89,6,0.91,687,88,0,324,0.73,580,44,0,0,0,1,0,192,0,120,5,0,0,1,0,0,1,0,6,52,3,62,674,41,31,8,0.45,0.19,0,0.06,0.29,0,0,953.64,2.02E+11
4a94e97c22a4befc2ba82ca0c3dde863,7.3,1,415,30,76,84,222,819.5,2438.52,414.07,5.59,2321,0.85,0.96,0,1054.4,8,0,0,0,0,0,93,526,8,2787.5,1.02,8,1.02,452,167,0,444,0.33,477,39,0,0,0,0,0,55,21,100,5,0,0,0,0,0,0,0,0,31,12,39,386,122,4,0,0.75,0.25,0,0,0,0,0,745.21,2.02E+11
5ff645b36dc06d77cf337ef101f3477d,6.7,1,169,39,13,28,2829,589.44,1237.14,139.22,10.46,1768,0.83,0.88,0,694.26,3,0,0,3,542.67,0.83,262,117,0,0,0,3,0.83,254,125,1160,0,0.71,28,4,9,0,117,34,0,137,0,27,2,1,0,34,0,0,34,0,2,55,0,23,242,0,74,17,0.47,0.24,0.11,0.03,0.15,0,0,475.02,2.02E+11
40a11dc440977746656b1bf7c7172938,0.5,0,263,18,0,0,6,299.42,1103.04,601.34,3.83,1007,0.85,0.88,0,232.22,0,0,0,0,0,0,0,0,0,0,0,0,0,0,0,0,0,0.65,232,18,19,0,84,0,1,0,0,76,0,0,0,0,0,0,0,0,3,17,0,26,246,0,9,2,0.67,0,0,0,0.33,0,0,209,2.02E+11
40a11dc440977746656b1bf7c7172938,0.5,0,263,18,0,0,6,299.42,1103.04,601.34,3.83,1007,0.85,0.88,0,232.22,0,0,0,0,0,0,0,0,0,0,0,0,0,0,0,0,0,0.65,232,18,19,0,84,0,1,0,0,76,0,0,0,0,0,0,0,0,3,17,0,26,246,0,9,2,0.67,0,0,0,0.33,0,0,209,2.02E+11
0a688619ef70e75d29d15a3f08ced484,9.8,1,137,41,27,59,1980,1083.77,2994.69,186.51,10.55,1445,0.84,0.9,1,970.54,11,0,0,7,1360.57,0.92,413,520,5,2745.6,1.02,11,0.95,657,276,960,0,0.82,0,0,130,27,1182,7,0,11,1,45,2,0,0,6,1,0,6,1,2,34,33,3,132,84,61,23,0.21,0.43,0,0.02,0.15,946,0,576.7,2.02E+11
82119fdbce12f6a7baa0d0ec28661908,7.6,1,330,32,91,0,301,213.87,1683.05,606.48,4.12,1360,1.64,1.13,4,232.62,0,0,0,2,74,4.53,40,62,0,0,0,0,0,0,166,602,0,0.83,26,10,319,30,1202,2,0,30,13,70,8,0,0,2,0,0,2,0,13,33,2,108,260,56,16,4,0.19,0.19,0,0,0.62,177,0,160.08,2.02E+11
616e909578d6735af9353673a564f273,8.6,1,575,79,122,87,2547,1090.39,2525.89,574.54,6.11,3511,0.9,0.98,3,1352.05,10,0,0,1,1268,1.13,52,1173,12,4200,1,10,0.95,594,631,0,354,0.94,425,70,163,24,1113,34,2,320,6,71,3,0,0,32,2,0,32,2,7,99,26,44,624,72,13,9,0,0.62,0,0.08,0.23,2420,0,851.27,2.02E+11
f48e83dd4c91e50a0990b2c1bd5e1b02,6.4,1,850,28,136,97,943,543.51,1643.83,585.84,4.18,3554,1.1,1.24,5,559.14,0,1,0.04,1,628,9.93,324,383,3,1730.67,0.58,0,0,458,410,890,0,0.66,272,8,470,26,1863,7,16,144,5,87,7,0,2,5,0,2,5,0,3,41,3,29,846,219,69,2,0.57,0.1,0,0.07,0.26,243,0,337.19,2.02E+11
836efd4645e5bfb6b81b37edf0399a9b,8.3,1,498,96,156,43,613,375.29,2454.42,286.17,7.3,3634,0.79,0.98,24,425.83,9,0,0,8,131.5,1.04,207,507,10,1823.2,0.91,9,0.91,283,772,240,0,0.81,61,12,527,123,3144,7,0,9,8,135,24,0,0,5,2,0,5,2,28,102,19,164,373,117,1,0,0,0,0,0,1,304,0,294.12,2.02E+11
1919eb66c99e09c5fa5462b82c0a85dd,7.1,1,842,71,115,172,1697,496.16,2269.87,655.86,5.16,4345,2.25,0.96,10,358.2,6,0,0,6,347.33,0.98,931,502,5,1512.8,0.86,6,0.98,1075,512,480,0,1.05,226,39,632,65,3080,19,21,193,14,127,15,2,1,17,1,1,17,1,31,92,8,250,771,54,25,12,0.32,0.12,0,0.16,0.4,332,0,227.69,2.02E+11
4568e5e0c1ef8b05020f2166c814c475,6.3,1,178,32,18,3,3104,248.2,1841.19,925.42,8.4,1496,0.85,0.93,0,245,3,0,0,3,132,1,53,100,0,0,0,3,1,53,100,0,324,0.88,58,6,52,3,478,17,3,93,1,41,2,0,1,15,1,1,15,1,3,42,2,20,203,26,30,14,0.23,0.33,0,0.1,0.33,835,0,166.81,2.02E+11
0db698855ce7c05517b00dc54cb68790,4.3,0,130,32,7,0,1082,362.89,1743.63,827.02,8.75,1138,0.86,0.94,0,300.88,0,0,0,0,0,0,0,15,0,0,0,0,0,0,15,428,0,0.98,0,0,107,36,985,9,0,18,23,38,5,1,0,7,2,0,7,2,4,39,3,10,119,26,6,1,0,0.33,0,0,0.67,148,0,209.3,2.02E+11
836efd4645e5bfb6b81b37edf0399a9b,8.3,1,498,96,156,43,613,375.29,2454.42,286.17,7.3,3634,0.79,0.98,24,425.83,9,0,0,8,131.5,1.04,207,507,10,1823.2,0.91,9,0.91,283,772,240,0,0.81,61,12,527,123,3144,7,0,9,8,135,24,0,0,5,2,0,5,2,28,102,19,164,373,117,1,0,0,0,0,0,1,304,0,294.12,2.02E+11
7f38b1c091a816493ae4945cf6aa0873,2.4,0,170,26,17,35,600,298.99,1352.8,183.32,5.18,881,0.84,0.95,0,252.15,3,0,0,3,132,0.89,180,63,0,0,0,3,0.89,180,63,0,0,1.16,71,27,63,8,305,5,0,0,26,53,10,0,0,0,5,0,0,5,0,20,26,0,63,160,8,2,0.12,0,0,0,0.25,76,0,150.87,2.02E+11
f48e83dd4c91e50a0990b2c1bd5e1b02,6.4,1,850,28,136,97,943,543.51,1643.83,585.84,4.18,3554,1.1,1.24,5,559.14,0,1,0.04,1,628,9.93,324,383,3,1730.67,0.58,0,0,458,410,890,0,0.66,272,8,470,26,1863,7,16,144,5,87,7,0,2,5,0,2,5,0,3,41,3,29,846,219,69,2,0.57,0.1,0,0.07,0.26,243,0,337.19,2.02E+11
a3d71ac66f475dfb20cd71fad571e7cc,8.6,1,91,13,6,13,651,465.98,2046.33,797.58,6.14,559,0.81,0.89,0,177.85,1,0,0,1,1092,1.09,65,71,0,0,0,1,1.09,113,23,0,0,0.87,44,8,50,7,333,5,0,52,0,22,1,0,0,5,0,0,5,0,8,20,0,20,110,0,9,8,0.22,0.11,0,0,0.56,202,0,94,2.02E+11
fca8ee584f4b7291a5e36c32a3f58fe3,7.9,1,704,52,106,43,703,302.09,1686.83,502.82,5.93,4173,0.9,1.01,1,378.08,4,0,0,1,12,0.98,193,581,3,1352,1.02,4,1.01,460,426,0,0,0.6,235,17,541,62,3482,5,0,108,0,165,5,2,0,5,0,0,5,0,2,71,14,25,733,117,14,4,0.29,0.57,0,0,0.14,251,0,247.49,2.02E+11
807be05ad34ca22fe59be9fbfe7d94fd,9.3,1,1440,77,418,88,2156,984,2449.55,600.21,4.27,6142,1.46,0.93,21,1826.39,6,0,0,5,517.6,0.88,328,1170,17,2594.35,0.81,6,0.88,469,1385,240,384,0.8,578,38,695,74,2817,36,136,699,0,240,3,1,8,28,0,8,28,0,50,100,0,515,1288,0,33,10,0.52,0.06,0.15,0,0.18,787,0,977.55,2.02E+11
2f840e664922cd5532a517b4ddc49f0d,5.8,1,858,38,260,121,240,1099.83,2820.4,638.8,4.8,4120,0.86,0.96,1,511.89,0,4,0.11,0,0,0,177,1202,1,12,0.97,0,0,444,935,0,0,1.25,246,4,886,62,3851,0,0,0,0,159,11,0,0,0,0,0,0,0,4,29,34,98,626,417,9,1,0,0,0.11,0,0.67,340,0,363.22,2.02E+11
ef2fb32b1b00eb1ac656339d58449ab3,5,1,662,29,312,80,812,661.53,3563.14,697.23,3.6,2383,0.74,0.95,11,1411.31,6,0,0,2,118,2.13,66,1261,15,2600,0.93,6,1.04,367,960,0,0,0.58,444,14,198,22,593,11,0,243,0,42,3,3,0,11,0,0,11,0,0,50,6,2,707,69,47,14,0.53,0.32,0,0.02,0.13,602,0,773.21,2.02E+11
b64fcfbb8cb642ccdde1cad5d1a9a95d,8.1,1,591,30,198,136,818,750.84,4063.32,662.37,4.18,2471,0.74,0.9,2,980.67,8,0,0,0,0,0,3,1119,10,1520.8,0.88,8,0.97,559,563,0,0,0.57,123,6,699,34,2702,7,0,103,0,78,3,2,0,7,0,0,7,0,12,35,0,174,696,11,2,0,0,1,0,0,0,919,0,714.13,2.02E+11
369a1f5893a0c5de3acf72278ad8651e,4.7,0,335,17,0,0,274,302.29,1329.06,548.74,4.96,1660,0.8,0.91,0,308.71,0,0,0,0,0,0,0,0,0,0,0,0,0,0,0,0,0,1.27,29,3,374,15,1619,2,0,10,0,59,6,0,0,2,0,0,2,0,3,20,1,53,344,29,13,4,0,0,0.23,0,0.46,262,0,218.67,2.02E+11
4bad2737c0de0cc8e8e58ef64349b22a,4.7,0,480,23,156,115,1008,699.47,2600.53,520.98,5.18,2488,0.79,0.99,2,600.7,3,2,0.09,3,926.67,0.93,390,725,2,1624,1.59,3,0.93,514,601,1200,0,0.67,155,14,327,15,1672,0,2,4,0,90,4,0,0,0,0,0,0,0,2,33,1,78,507,10,16,2,0.5,0.12,0,0,0.38,386,0,399.78,2.02E+11
6eddc10fb359b14a459c69c71c0ed679,5,1,24,6,0,0,650,73.17,952.5,5728.67,8.25,198,0.86,0.9,0,224.67,0,0,0,0,0,0,0,0,0,0,0,0,0,0,0,0,0,0.84,0,0,8,1,64,5,0,23,0,8,0,0,0,5,0,0,5,0,1,9,0,8,58,0,1,0,0,0,0,0,1,348,0,193.6,2.02E+11
2f840e664922cd5532a517b4ddc49f0d,5.8,1,858,38,260,121,240,1099.83,2820.4,638.8,4.8,4120,0.86,0.96,1,511.89,0,4,0.11,0,0,0,177,1202,1,12,0.97,0,0,444,935,0,0,1.25,246,4,886,62,3851,0,0,0,0,159,11,0,0,0,0,0,0,0,4,29,34,98,626,417,9,1,0,0,0.11,0,0.67,340,0,363.22,2.02E+11
297864776728a8659cca53ea53c482da,5.6,1,806,29,41,60,1207,691.61,1425.96,356.53,4.93,3970,1.2,0.88,0,1027.86,2,0,0,2,740,0.83,243,57,0,0,0,2,0.83,216,106,438,0,0.45,174,8,607,41,3173,7,0,358,0,118,3,0,0,7,0,0,7,0,12,42,4,183,850,104,82,1,0.77,0,0.01,0,0.15,696,0,561.72,2.02E+11
924a5869cff18210c8ff609fd2c88096,4,0,186,14,18,32,960,579.53,1814.22,826.75,2.85,530,0.85,0.96,0,381.71,0,0,0,0,0,0,47,20,0,0,0,0,0,47,20,720,0,0.51,4,1,176,12,377,8,8,37,0,25,3,3,2,6,0,2,6,0,7,20,0,65,186,0,26,6,0.77,0,0,0,0.08,284,0,232.15,2.02E+11
6b4a89ff3b64a228f03fd59d41de89d8,6,1,432,46,22,73,1035,484.39,1880.15,520.97,5.99,2586,0.87,1.07,0,576.87,7,0,0,5,330.4,0.95,297,234,2,1432,1.06,7,0.98,495,68,534,0,1.36,5,0,311,51,1744,11,0,132,0,55,6,0,0,11,0,0,11,0,4,33,30,31,287,185,7,2,0,0,0,0.29,0.71,381,0,418.51,2.02E+11
b70bae1bd72b4f0f7f7e617de2bf4436,5.6,1,562,43,54,0,546,538.23,1598.04,668.31,4.09,2301,0.83,0.92,1,576.84,0,0,0,0,0,0,0,222,1,1012,1.13,0,0,0,222,0,0,1.02,102,7,476,45,1811,5,0,87,0,118,8,1,0,5,0,0,5,0,4,70,0,65,871,0,145,13,0.67,0.01,0.01,0.18,0.13,397,0,337.78,2.02E+11
4bad2737c0de0cc8e8e58ef64349b22a,4.7,0,480,23,156,115,1008,699.47,2600.53,520.98,5.18,2488,0.79,0.99,2,600.7,3,2,0.09,3,926.67,0.93,390,725,2,1624,1.59,3,0.93,514,601,1200,0,0.67,155,14,327,15,1672,0,2,4,0,90,4,0,0,0,0,0,0,0,2,33,1,78,507,10,16,2,0.5,0.12,0,0,0.38,386,0,399.78,2.02E+11
058f06089e42031d74df557e792c77ca,3.8,0,913,60,85,59,562,282.81,1501.65,430.61,4.56,4167,0.75,0.89,5,306.6,1,0,0,1,1092,1,63,144,0,0,0,1,1,108,195,78,0,0.31,444,37,605,45,2679,4,0,84,0,191,17,1,0,4,0,0,4,0,16,73,4,250,963,44,14,2,0.93,0.07,0,0,0,148,0,235.91,2.02E+11
5309940cc535cdf35ece7e95efd12418,1.3,0,142,14,0,0,1096,793.35,1817.58,612.45,6.45,916,2.24,0.85,0,1075.43,0,0,0,0,0,0,0,0,0,0,0,0,0,0,0,480,0,0.64,151,13,13,2,83,9,1,30,0,53,7,0,1,8,0,1,8,0,1,31,0,1,235,1,43,8,0.53,0.07,0,0,0.4,1028,0,476.75,2.02E+11
9607418e1057cf12a0c13bac1ecd602c,0,0,101,20,0,0,64,190.85,728.71,429.39,5.09,514,0.83,0.92,0,280.2,0,0,0,0,0,0,0,0,0,0,0,0,0,0,0,128,0,1.33,0,0,92,20,505,0,0,9,0,21,4,0,0,0,0,0,0,0,0,8,13,0,58,51,8,1,0.12,0,0.38,0,0.12,280,0,266.86,2.02E+11
90bcfbd7e2a5a7231dfa2b4665f7cfc8,9.8,1,352,71,136,69,6860,193.85,3030.92,271.75,7.63,2685,1.26,1.65,25,106.31,9,0,0,12,163,5.24,492,609,12,88.67,0.84,9,1.12,598,716,960,0,0.9,97,27,138,18,919,42,0,144,40,55,2,1,0,29,13,0,29,13,0,84,25,0,304,115,42,29,0.33,0.33,0.02,0.14,0.12,68,32,79.93,2.02E+11
f46cec5895645b56786947a06217de0b,10,1,241,51,4,23,2291,619.35,3056.05,685.93,6.95,1675,0.99,1.17,0,548.08,1,0,0,0,0,0,17,135,1,2556,1.11,1,1.11,125,27,960,0,0.94,135,20,50,9,225,43,10,151,2,37,1,1,1,40,2,1,40,2,2,68,7,26,294,7,55,21,0.2,0.24,0.07,0.04,0.44,373,19,368.26,2.02E+11
d376168e6f7b7dc1b943a6394111a244,9.3,1,233,52,97,35,7700,967.19,3294.59,668.67,6.98,1626,3.58,3.74,19,1221.23,6,0,0,10,1203.6,13.17,327,228,6,4697.33,1.08,6,1.56,358,515,960,3840,2.65,119,27,0,0,0,27,0,73,48,25,3,2,0,18,9,0,18,9,5,42,32,7,165,114,49,23,0.06,0.02,0.06,0.35,0.39,0,249,883.44,2.02E+11
3d112d6508b0d89937b2c0c5d6cb885e,9.4,1,1411,106,419,418,7004,438.46,2997.83,2279.51,4.5,6351,3.95,4.71,32,370.26,20,0,0,25,786.24,16.64,2085,853,10,1226,0.94,20,1.05,2561,971,1400,970,0.71,549,53,170,15,661,65,121,710,75,177,4,2,9,44,12,9,44,12,37,104,15,314,1245,209,215,33,0.39,0.28,0.03,0.05,0.23,286,151,288.08,2.02E+11
6a964535de6cb8a8e8a4e478a3c81166,9.8,1,1042,122,397,214,6860,411.33,2341.32,505.27,5.74,5985,2.41,6.65,44,679.41,14,0,0,33,1330.79,21.82,1367,696,10,1233.2,0.86,14,1,1581,1657,1400,1680,0.7,438,40,30,2,105,83,66,349,223,193,18,11,3,49,31,3,49,31,3,114,65,82,767,506,262,52,0.48,0.16,0.02,0.06,0.25,380,61,473.1,2.02E+11
7929ed3116ec3c84ac1439f42d648359,10,1,2932,168,988,695,6860,629.8,2656.38,431.78,4.67,13700,1.98,1.7,57,544.74,21,0,0,35,412.11,4.77,4612,1960,31,1554.84,0.8,21,0.89,5030,2817,720,384,0.85,972,48,1241,109,6279,61,229,918,78,442,13,5,3,55,3,3,55,3,36,195,11,723,2509,300,202,27,0.38,0.22,0.08,0.07,0.2,507,92,397.11,2.02E+11
7acaf3ef61a639c8a815ee784668df02,9.3,1,286,33,104,41,3360,754.63,2766.14,587.02,5.39,1542,5.24,0.96,2,734.3,5,0,0,7,1022.86,1.1,291,305,0,0,0,5,0.98,418,178,1400,0,1.27,27,8,185,10,588,23,7,65,8,39,2,1,5,16,2,5,16,2,14,50,2,88,265,8,51,20,0.33,0.16,0,0.2,0.27,243,30,388.42,2.02E+11
9ea2e222745d4c2b245fdd60ebb234c7,10,1,756,125,143,146,3723,793.5,2935.76,359.48,7.45,5631,1.1,0.99,16,1018.21,24,0,0,20,1304.4,0.99,1209,1094,20,2755.4,0.96,24,0.99,1625,717,720,1680,0.89,255,23,367,107,3530,50,75,375,22,151,10,5,8,39,3,8,39,3,57,132,4,221,707,23,70,19,0.6,0.06,0.03,0.13,0.19,722,98,688.93,2.02E+11
8a5df21fb4c7fc5beb0b75460eaffa20,10,1,437,69,153,130,7700,718.83,3011.59,511.3,7.31,3193,3.27,1.37,19,676.64,12,0,0,13,651.69,3.23,896,882,9,2041.78,0.87,12,0.98,1219,849,960,4760,0.85,227,32,16,3,131,51,48,83,157,59,1,1,8,16,27,8,16,27,15,44,35,107,145,219,31,19,0.39,0.19,0,0.16,0.26,1212,89,524.21,2.02E+11
8901eb8d73ddc352b4c6d80fd1e952a4,7.9,1,489,77,42,47,1796,439.72,1854.79,275.56,9.11,4453,0.95,1.07,3,309.35,4,0,0,4,552,1.23,615,336,2,462,1.44,4,1.23,615,362,480,0,0.69,113,8,340,103,3042,21,1,264,1,92,4,2,0,21,0,0,21,0,51,85,0,125,523,1,38,12,0.34,0.34,0.03,0,0.29,184,16,183.53,2.02E+11
d9ec55996070ce51c29b18dff2f1c380,7,1,1008,46,290,187,2996,870.26,2676.92,691.11,3.75,3783,1.82,0.96,13,886.35,4,0,0,4,497,1,1066,626,8,2459.5,0.76,4,1,1091,707,960,384,0.81,305,8,388,35,1583,21,106,513,5,124,7,7,5,16,0,5,16,0,16,69,1,181,921,6,49,21,0.35,0.29,0.02,0.06,0.2,788,100,513.86,2.02E+11
2d072e692708604d3dca8d5b20f843fa,9.1,1,816,55,161,207,4320,1732.57,3166.07,558.06,5.26,4295,2.83,0.91,4,1344.29,5,0,0,6,1472.67,1.29,1003,970,3,6053.33,0.73,5,1.12,1337,651,720,770,0.84,249,21,239,16,1209,44,17,458,44,144,6,5,1,40,3,1,40,3,4,99,4,107,811,59,72,25,0.39,0.17,0.04,0.1,0.31,1136,158,986.24,2.02E+11
5f9f08141f74a4703e797172519de49b,9.3,1,230,44,70,44,2300,548.14,1425.81,429.25,7.9,1816,1.08,1.17,6,683.18,7,0,0,12,141.33,1.97,356,49,0,0,0,7,0.83,316,129,1400,440,0.57,70,2,18,4,55,42,0,153,6,23,2,2,0,38,4,0,38,4,1,61,16,34,245,73,93,27,0.61,0.15,0,0.02,0.16,291,35,412.36,2.02E+11
a50ea4177bf35a0dbeb6743f2cb5437f,9.2,1,422,53,140,35,5780,331.98,2229.21,371.18,6.86,2897,2.49,4.6,15,347.85,8,0,0,12,431,16.54,561,119,2,1136,1.19,8,1.05,663,598,1400,0,0.71,215,25,18,3,49,27,10,211,10,78,0,0,2,20,5,2,20,5,7,63,7,53,445,17,65,18,0.35,0.28,0.02,0.03,0.32,61,249,319.38,2.02E+11
e9f266f01d0e49a16db411d65e2f4e72,9.1,1,308,59,87,127,3981,402.23,2919.01,319.74,7.45,2295,3.97,1.03,7,330.71,19,0,0,20,461.2,1.13,965,598,4,604,1.04,19,1.1,1131,490,1400,0,0.89,45,7,131,19,782,30,8,61,29,54,3,2,6,10,14,6,10,14,6,35,46,10,187,200,45,20,0.24,0.16,0,0.07,0.53,261,30,231.63,2.02E+11
ac3424dacad72424484c8abd7a081374,7.3,1,887,51,76,147,2820,526.9,2765.33,407.41,5.82,5165,0.87,1.02,5,929.33,10,0,0,3,1092,1.86,821,806,12,2582.67,0.88,10,1.3,1238,389,720,206,0.76,265,15,336,45,1952,33,29,660,1,76,9,6,0,33,0,0,33,0,8,94,6,128,1092,20,198,26,0.53,0.16,0.02,0.06,0.17,806,105,482.48,2.02E+11
edeea5169f7dbfc5f2f9873b72c51614,7.1,1,1181,104,245,164,7082,414.41,3015.87,648.08,4.7,5548,6.32,1.27,23,650.19,13,0,0,13,549.85,4.1,746,814,15,2404.27,0.69,13,0.93,1149,634,720,444,0.61,520,57,53,22,511,56,90,710,51,202,10,10,6,42,8,6,42,8,10,126,22,137,1253,136,232,30,0.5,0.29,0.01,0.04,0.13,324,311,492.99,2.02E+11
eea59b1c28e414c27afd098b3bce650e,8.5,1,1258,71,368,330,6063,600.51,2482.46,534.66,5.22,6570,1.7,1.07,18,613.97,15,0,0,16,690.5,1.66,2770,686,9,1062.22,0.72,15,0.92,3103,814,720,2034,0.89,515,33,155,19,725,43,225,448,179,210,6,5,15,24,4,15,24,4,29,78,20,324,947,302,109,30,0.42,0.12,0.06,0.12,0.22,664,139,397.23,2.02E+11
5c2e5714b6526a6467dd7737ea501664,7.1,1,1198,122,274,358,6860,389.7,2474.42,453.86,5.8,6952,1.45,1.39,34,338.85,31,0,0,31,351.48,2.76,2304,989,18,921.11,0.85,31,0.96,2651,1337,1400,726,0.7,382,49,105,39,816,83,38,604,261,181,5,3,7,49,27,7,49,27,17,151,48,69,1137,407,330,52,0.58,0.12,0,0.08,0.23,186,52,211.28,2.02E+11
3c8ae9ab5e5526114477e99179a8ad12,9,1,525,99,57,90,6677,166.98,1824.91,157.78,9.8,5147,1.19,1.13,9,179.39,18,0,0,22,255.45,1.57,1159,656,5,264,1.12,18,0.98,1147,671,4098,354,0.88,87,8,325,58,1522,49,1,194,46,95,8,3,0,46,3,0,46,3,4,161,23,39,745,208,255,40,0.49,0.14,0.06,0.12,0.16,69,84,121.77,2.02E+11
1e376f963d322d0143758005f37fa0bc,6.8,1,3484,162,1288,621,7707,491.13,3766.52,429.84,3.95,13760,1.84,1.4,47,841.85,35,16,0.1,28,1077,1.72,2067,3024,41,1694.15,1.13,35,1.5,2714,3607,1926,1912,0.87,1763,95,1409,116,6325,28,85,737,6,403,67,20,2,25,1,2,25,1,47,247,9,912,3223,86,216,46,0.4,0.23,0,0.14,0.22,744,185,531.13,2.02E+11
e63a86d19edf6ea36fcbb8a450e21959,5.9,1,1129,80,217,149,4900,355.81,1751.11,451.96,4.72,5334,0.78,1,12,316.8,6,0,0,10,316.4,1.34,562,763,7,652,1.06,6,0.96,519,928,2840,0,0.51,150,9,397,43,2330,52,113,381,190,182,8,1,6,23,23,6,23,23,11,77,39,158,893,342,106,18,0.68,0.09,0.01,0.01,0.21,187,117,231.15,2.02E+11
45f6d0e07d7a1bbf04568d728006aae6,6.9,1,1404,52,194,308,2854,563.48,2391.09,688.05,4.04,5669,0.87,0.99,1,653.54,10,0,0,5,571.2,0.98,1038,635,6,1434.67,1.01,10,0.97,1304,369,960,324,0.66,435,29,544,25,1996,34,49,840,8,252,17,15,1,33,0,1,33,0,4,83,1,113,1562,14,115,7,0.5,0.18,0,0.02,0.25,782,82,450.36,2.02E+11
a3eeb46e884608c407ee93bd0cdc5ace,4,0,1019,69,111,61,2362,375.58,1686.89,594.65,3.39,3456,2.57,1.26,4,575.83,3,0,0,4,265,1.33,439,214,0,0,0,3,1.06,401,309,732,0,0.73,218,5,356,82,1920,24,28,443,310,152,2,1,0,18,6,0,18,6,16,92,45,120,845,452,240,46,0.51,0.1,0.05,0.03,0.24,318,147,313.93,2.02E+11
6cdb3213ac3af7b3ccc5111933cda908,4.8,0,344,39,17,0,1716,736.59,1718.86,662.47,4.77,1641,2.16,0.95,0,522.26,0,0,0,0,0,0,0,15,0,0,0,0,0,0,15,720,176,0.74,165,9,178,47,1087,12,14,221,12,64,9,3,0,8,4,0,8,4,28,51,5,94,403,17,41,14,0.27,0.37,0,0.02,0.32,257,27,266.67,2.02E+11
d7b3d7f219607351da0d512e42359f13,4,0,1202,79,21,124,3408,512.95,1531.32,578.36,4.5,5407,0.92,1,1,459.44,8,0,0,9,172.44,1,500,45,0,0,0,8,0.99,493,52,1440,0,0.95,320,17,160,33,778,46,0,551,176,255,20,11,0,26,20,0,26,20,4,73,69,8,1019,543,266,41,0.25,0.3,0.1,0.09,0.25,184,241,338.49,2.02E+11
74ae2a87098dab7bc38c2d52e780f5eb,3.9,0,115,6,20,0,810,181.98,1141.74,229.5,4.19,482,0.84,1,0,180,0,0,0,0,0,0,0,36,0,0,0,0,0,0,36,960,0,0.6,1,0,39,7,123,5,1,77,14,17,0,0,0,3,2,0,3,2,4,16,2,25,174,29,96,10,0.5,0.22,0.03,0.01,0.16,2,78,84.55,2.02E+11
1ed9eccb96f7436f259edfc2432eade0,3.1,0,1599,53,455,176,2626,1164.82,2483.45,853.67,2.92,4662,0.92,0.99,4,781.06,1,0,0,1,372,0.65,451,1055,4,5196,0.95,1,0.65,454,1085,960,206,0.84,513,20,748,21,2399,23,1,688,68,259,9,9,0,18,5,0,18,5,9,60,5,341,1411,121,122,9,0.39,0.25,0,0.11,0.24,1124,44,583.24,2.02E+11
e63a86d19edf6ea36fcbb8a450e21959,5.9,1,1129,80,217,149,4900,355.81,1751.11,451.96,4.72,5334,0.78,1,12,316.8,6,0,0,10,316.4,1.34,562,763,7,652,1.06,6,0.96,519,928,2840,0,0.51,150,9,397,43,2330,52,113,381,190,182,8,1,6,23,23,6,23,23,11,77,39,158,893,342,106,18,0.68,0.09,0.01,0.01,0.21,187,117,231.15,2.02E+11
8708d675fffed41b9c7a76deaa4a8370,4,0,802,46,26,166,3453,338.87,1597.48,347.9,5.7,4572,0.88,0.94,0,147.83,6,0,0,6,80,0.86,733,89,0,0,0,6,0.86,733,89,960,0,0.54,125,11,67,5,200,26,40,296,33,194,13,9,4,17,5,4,17,5,4,76,37,79,887,348,437,60,0.56,0.06,0,0,0.36,10,64,91.45,2.02E+11
ee433c321ab0f061cae4fd4283b2c28e,4.1,0,138,14,38,13,890,243.28,2609.13,338.03,5.45,752,0.77,0.96,4,233.14,0,0,0,0,0,0,0,61,0,0,0,0,0,35,104,720,0,0.74,17,4,136,5,653,7,4,47,6,53,4,2,1,5,1,1,5,1,1,28,1,53,317,17,174,12,0.23,0.25,0.01,0.01,0.49,151,32,140.53,2.02E+11
3c8ae9ab5e5526114477e99179a8ad12,9,1,525,99,57,90,6677,166.98,1824.91,157.78,9.8,5147,1.19,1.13,9,179.39,18,0,0,22,255.45,1.57,1159,656,5,264,1.12,18,0.98,1147,671,4098,354,0.88,87,8,325,58,1522,49,1,194,46,95,8,3,0,46,3,0,46,3,4,161,23,39,745,208,255,40,0.49,0.14,0.06,0.12,0.16,69,84,121.77,2.02E+11
0e5ff77b3fd662fe52b007ea274a179b,0,0,268,23,0,0,1610,384.55,1160.34,457.27,4.9,1314,0.83,0.95,0,347.83,0,0,0,0,0,0,0,0,0,0,0,0,0,0,0,720,0,0.55,19,4,0,0,0,18,2,195,40,71,2,2,1,15,2,1,15,2,1,48,3,2,362,55,117,27,0.59,0.21,0.01,0.03,0.14,0,149,253.77,2.02E+11
fa9677ef91996c298c991b4e1bd3d4a5,2.8,0,48,21,0,0,360,258.25,1045.17,87.58,9.54,458,0.92,0.98,0,264.95,0,0,0,0,0,0,0,0,0,0,0,0,0,0,0,720,0,0.72,0,0,22,17,278,2,0,0,8,24,8,0,0,0,2,0,0,2,0,15,34,0,46,88,72,25,0.53,0.18,0,0.08,0.21,245,196,213.47,2.02E+11
900eb5f7587759897c3482b1b8c80042,3.5,0,393,31,0,37,1063,174.34,1029.18,377.6,4.57,1796,0.81,0.94,0,111.48,3,0,0,3,132,1.03,98,81,0,0,0,3,1.03,179,0,732,0,1.02,1,1,149,15,620,16,0,192,75,42,2,1,0,13,3,0,13,3,1,31,6,12,327,100,12,4,0,0,0,0,0.83,84,418,134.95,2.02E+11
1e376f963d322d0143758005f37fa0bc,6.8,1,3484,162,1288,621,7707,491.13,3766.52,429.84,3.95,13760,1.84,1.4,47,841.85,35,16,0.1,28,1077,1.72,2067,3024,41,1694.15,1.13,35,1.5,2714,3607,1926,1912,0.87,1763,95,1409,116,6325,28,85,737,6,403,67,20,2,25,1,2,25,1,47,247,9,912,3223,86,216,46,0.4,0.23,0,0.14,0.22,744,185,531.13,2.02E+11
d7b3d7f219607351da0d512e42359f13,4,0,1202,79,21,124,3408,512.95,1531.32,578.36,4.5,5407,0.92,1,1,459.44,8,0,0,9,172.44,1,500,45,0,0,0,8,0.99,493,52,1440,0,0.95,320,17,160,33,778,46,0,551,176,255,20,11,0,26,20,0,26,20,4,73,69,8,1019,543,266,41,0.25,0.3,0.1,0.09,0.25,184,241,338.49,2.02E+11
74ae2a87098dab7bc38c2d52e780f5eb,3.9,0,115,6,20,0,810,181.98,1141.74,229.5,4.19,482,0.84,1,0,180,0,0,0,0,0,0,0,36,0,0,0,0,0,0,36,960,0,0.6,1,0,39,7,123,5,1,77,14,17,0,0,0,3,2,0,3,2,4,16,2,25,174,29,96,10,0.5,0.22,0.03,0.01,0.16,2,78,84.55,2.02E+11
7487a38fee24fd488b8f28796aa5e748,10,1,789,72,283,123,3782,2223.65,3511.06,362.05,6.45,5089,1.26,1.04,15,2258.67,4,0,0,3,994.67,3.94,552,1515,15,6736.27,0.62,4,0.88,904,1288,720,1058,0.89,171,15,541,54,3453,20,3,233,0,116,7,4,2,18,0,2,18,0,32,68,0,195,716,0,54,14,0.41,0.15,0.02,0.06,0.3,2889,55,1719.04,2.02E+11
1be37f69755cdcced2d8cce716a3759d,9.7,1,210,49,0,0,2040,270.38,1350.91,320.78,10.08,2116,0.89,0.96,0,310.53,0,0,0,0,0,0,0,0,0,0,0,0,0,0,0,720,0,0.84,28,8,138,36,1126,19,22,57,0,40,2,0,1,18,0,1,18,0,6,74,2,43,264,2,65,21,0.31,0.18,0.06,0.08,0.34,213,18,192.49,2.02E+11
d5a9a01fb4f0d985833e627bbba8e056,9.6,1,743,96,238,246,7280,542.49,2997.38,681.93,6.53,4855,2.61,1.44,28,350.75,14,0,0,16,411.75,4.55,1553,1070,16,774.75,0.69,14,0.93,1733,1149,960,840,0.86,219,51,192,12,1575,54,103,320,0,93,7,3,18,36,0,18,36,0,34,107,3,218,670,37,118,27,0.54,0.04,0.09,0.11,0.19,457,218,275.64,2.02E+11
4c43d1efa640ea0342204727deb3bcdc,9.9,1,931,103,160,202,4295,1332.11,3123.81,638.8,6,5590,1.12,1.09,5,1928.27,29,0,0,9,983.11,1.21,1337,1248,22,4456.73,1.11,29,1.12,1990,630,960,840,1.1,275,14,526,135,4099,34,39,598,0,187,9,8,3,31,0,3,31,0,93,96,0,257,1291,1,212,18,0.39,0.14,0.03,0.12,0.25,1289,542,1260.49,2.02E+11
48bff672bbcbdb69ffc4dd4d673ee75f,9.8,1,120,31,6,28,3711,616.77,1648,230.83,10.57,1268,1.21,0.96,2,572,5,0,0,6,732,1.33,517,19,1,4148,0.56,5,0.96,501,35,720,0,0.82,34,2,22,9,181,29,6,101,0,34,1,1,3,26,0,3,26,0,10,43,0,27,182,0,58,13,0.36,0.12,0,0.02,0.45,521,200,383.62,2.02E+11
d26714ab040885192e62f8f4a71a9d17,7.9,1,496,33,38,90,3077,738.27,2122.4,388.56,5.38,2670,0.85,0.96,0,1077.58,1,0,0,1,2040,1.34,563,70,0,0,0,1,1.34,561,84,960,324,0.6,199,10,30,3,102,31,3,440,0,105,9,8,1,30,0,1,30,0,1,49,0,18,574,0,84,16,0.58,0.2,0.02,0.04,0.12,745,71,737.52,2.02E+11
1dd4b9a2c3f2fad89534bb12f71d6c21,9.3,1,1302,151,335,308,3955,388.16,2792.18,351.51,7.01,9122,0.83,0.96,33,518.99,30,0,0,27,622.81,1.36,1648,2147,33,1168.48,0.85,30,0.95,2273,1612,732,552,0.67,977,170,265,39,1948,37,47,379,0,237,16,4,0,37,0,0,37,0,88,176,0,517,1130,0,99,18,0.48,0.15,0,0.04,0.32,563,20,317.17,2.02E+11
b241c242fbe08cce6033b6efe7d3055e,7.3,1,1424,102,378,359,625,1028.57,3687.6,427.83,5.3,7552,0.85,0.91,29,1608.12,18,0,0,6,2912,1.24,1411,2355,41,2367.71,0.75,18,1.06,2326,1476,0,0,0.86,491,31,824,79,4419,10,4,100,0,215,16,0,0,10,0,0,10,0,40,112,3,441,1286,15,88,22,0.43,0.18,0.03,0.09,0.22,1621,267,1103.3,2.02E+11
b58f8fe5739614d93c5018b55a275c6a,5.8,1,270,15,57,0,1022,560.81,2512.47,365.48,5.31,1435,0.74,0.89,4,1205.6,0,0,0,0,0,0,0,298,4,2772,0.79,0,0,0,298,534,0,0.47,43,0,145,12,1056,9,2,185,0,47,1,0,1,8,0,1,8,0,2,36,3,8,484,26,185,19,0.77,0.09,0,0.03,0.12,1537,122,589.07,2.02E+11
14ee2cc4ffddb49344a20c0f634f47ee,3.8,0,336,67,87,100,821,496.62,2550.94,293.92,7.15,2403,0.86,0.97,10,582.69,15,0,0,14,759.71,0.99,848,612,9,1938.67,1.04,15,1,872,611,656,0,0.62,128,30,291,63,1900,6,6,31,0,108,11,0,0,6,0,0,6,0,24,100,10,126,450,28,125,27,0.33,0.5,0.02,0.02,0.13,497,42,309.94,2.02E+11
7f99d233eb5879974a376c59309455d2,5.7,1,1651,73,164,237,2705,805.22,2104.03,574.25,4.41,7283,0.93,1.29,0,1417.32,18,0,0,1,508,0.72,237,1210,17,2800,1.03,18,1.01,1066,391,1026,354,0.68,661,50,282,29,1304,16,362,570,0,319,9,4,5,11,0,5,11,0,33,82,0,636,1247,0,157,14,0.54,0.06,0.07,0.03,0.24,1421,174,935.23,2.02E+11
64981952fbbad5d749f6771d62a9152e,2,0,543,15,50,5,1526,594.16,1291,448.08,3.22,1751,0.88,0.98,0,523.47,0,0,0,0,0,0,59,14,0,0,0,0,0,9,64,480,118,0.76,199,3,126,16,376,15,22,474,0,102,11,8,0,15,0,0,15,0,7,47,0,99,833,0,300,23,0.41,0.18,0.03,0.04,0.27,50,289,283.48,2.02E+11
9179963ace7a3eedae101788081a8247,5.3,1,281,23,0,0,1146,337.59,1036.13,454.16,5.12,1439,0.86,0.96,0,445.04,0,0,0,0,0,0,0,0,0,0,0,0,0,0,0,720,0,0.67,2,2,94,7,265,11,37,125,0,70,4,2,2,9,0,2,9,0,2,47,0,37,392,0,142,26,0.56,0.12,0.04,0.06,0.2,106,52,236.41,2.02E+11
fc09c2757b8bd89a870a19eab09d96a3,5.6,1,638,30,164,131,499,556.95,3139.99,708.48,4.12,2626,1.64,0.98,0,602.67,4,0,0,1,1404,0.92,214,587,3,1558.67,1.01,4,0.99,639,162,0,0,0.71,396,31,288,22,1153,0,10,15,0,68,6,0,0,0,0,0,0,0,11,54,3,169,587,107,24,7,0.42,0.25,0.04,0.04,0.25,351,27,311.06,2.02E+11
7b73084254dfe1f535ff49223cff7206,3.8,0,1138,100,164,195,1344,462.35,2313.62,526.77,3.45,3929,0.9,1.33,0,492.64,6,0,0,6,912,0.97,389,367,0,0,0,6,0.97,430,326,0,324,0.66,647,96,620,39,1684,12,33,169,0,150,6,0,2,10,0,2,10,0,57,107,12,350,1158,94,170,22,0.52,0.16,0.02,0.08,0.22,535,200,398.34,2.02E+11
81e7ff1cf5b9fbd8f030d33b4b7d8674,4.4,0,696,99,87,81,3417,163.68,1959.96,331.98,4.86,3381,6.58,0.87,15,275.47,11,0,0,9,412,0.94,489,361,7,1416.57,0.91,11,0.96,575,400,720,0,0.58,261,59,60,19,478,47,120,236,0,138,21,5,15,32,0,15,32,0,36,112,2,228,728,12,269,25,0.45,0.35,0,0.01,0.19,541,90,198.75,2.02E+11
b08d48e7cf20824d5c5e1cbb6736b125,6.4,1,926,56,49,90,1645,286.33,1692.7,487.71,5,4629,0.93,0.9,0,287.79,2,0,0,1,1224,0.97,190,208,1,832,1,2,0.98,242,156,0,266,0.55,351,19,453,49,2520,14,124,364,0,165,14,3,2,12,0,2,12,0,13,78,0,246,818,0,19,2,0.53,0.37,0,0,0.05,210,280,236.79,2.02E+11
081657f5cbf98d66e6697627a2b253fb,3.5,0,279,20,49,0,1657,193.48,1703.77,504.42,4.02,1121,0.83,1.13,3,438.8,0,0,0,0,0,0,0,267,3,12,1.18,0,0,0,273,720,0,0.47,26,5,108,11,498,14,49,175,0,54,1,1,0,14,0,0,14,0,11,33,0,126,434,0,197,10,0.75,0.14,0.05,0.02,0.04,3,55,212,2.02E+11
a211c15dd2b18ee6aed20f9e1c4b1958,5.6,1,388,47,61,71,1841,473.57,2556.03,275.35,6.53,2534,4.27,0.93,17,896.17,2,0,0,6,230.67,1.17,279,603,13,2269.54,0.84,2,0.79,402,496,1400,0,0.58,156,12,156,38,839,15,13,50,0,47,3,0,6,9,0,6,9,0,10,69,6,36,397,90,67,14,0.73,0.1,0.04,0.03,0.04,756,312,556.56,2.02E+11
f661da5c1c4f62a9639128e19d521248,0.1,0,154,10,0,0,430,244.88,971.3,381.04,4.94,761,0.91,1.08,0,327.2,0,0,0,0,0,0,0,0,0,0,0,0,0,0,0,0,0,0.51,50,2,109,24,448,6,15,64,0,20,4,0,3,3,0,3,3,0,6,37,0,29,325,0,102,9,0.58,0.24,0,0,0.19,27,109,114.05,2.02E+11
6789e600d8abaf5d52d427355d513fd2,1,0,223,11,0,0,720,111.71,1176.7,535.41,3.66,816,0.78,0.99,0,153.82,0,0,0,0,0,0,0,0,0,0,0,0,0,0,0,720,0,1.08,63,1,9,3,100,8,10,142,0,10,1,1,0,8,0,0,8,0,2,21,0,12,318,0,106,11,0.48,0.14,0.06,0.15,0.08,47,120,131.13,2.02E+11
39d6ea2bd7fdd9a4dfaa902ac589d0ec,9.1,1,187,76,57,27,2160,1441.01,2696.32,114.44,10.41,1947,20.57,1.49,15,918.05,7,0,0,8,1653.5,2.53,448,140,5,2604,0.91,7,1.05,464,388,960,0,0.96,40,26,207,94,1813,18,0,23,0,19,3,0,0,18,0,0,18,0,19,120,17,41,221,47,42,21,0.26,0.31,0.05,0.12,0.26,969,75,765.05,2.02E+11
aa2f79e979e0dada2c0cda7861539577,9.9,1,418,42,69,0,57,297.62,2140.86,537.2,6.37,2661,0.85,0.93,2,300.1,0,0,0,0,0,0,2,364,2,1500,1.1,0,0,0,366,0,0,0.86,437,38,0,0,0,0,0,0,0,50,3,0,0,0,0,0,0,0,1,27,31,48,286,205,66,16,0.42,0.14,0.2,0.03,0.2,0,97,239.86,2.02E+11
2a163f5b40d2368587ce1587ad4bd816,7.5,1,236,11,0,0,1154,305.02,1041.53,504.69,3.24,765,0.84,1.01,0,491.64,0,0,0,0,0,0,0,0,0,0,0,0,0,0,0,732,0,0.56,28,6,5,0,3,11,0,225,0,54,3,3,0,11,0,0,11,0,5,21,0,18,375,0,140,9,0.65,0.16,0.06,0.04,0.09,0,266,322.77,2.02E+11
0beb7f8567632f98215f144179142084,6.2,1,394,67,80,54,1231,1080.42,2491.65,701.76,6.32,2490,0.92,1.06,1,652.12,4,0,0,2,960,1.04,222,502,3,4529.33,1.09,4,1.05,382,342,0,0,0.66,127,20,281,59,1927,15,0,137,0,67,2,2,0,15,0,0,15,0,30,76,0,91,511,0,108,13,0.54,0.19,0.02,0.06,0.18,607,15,417.51,2.02E+11
093ee5a67490d068f8e37d9e9403823b,5.6,1,220,28,84,63,648,2212.27,4396.47,218.29,9.55,2102,0.83,1.08,6,848.43,1,0,0,5,587.2,1.32,522,641,2,5812,0.84,1,1.03,701,470,0,0,1.07,14,3,259,35,1927,5,0,14,0,41,2,0,0,5,0,0,5,0,19,29,1,118,186,7,16,3,0.12,0.06,0,0,0.81,619,64,504.82,2.02E+11
5b3a1970b575ed48c8bae36e49455847,8.5,1,1575,67,615,359,832,1544.85,3640.21,697.77,4.86,7647,1.43,0.91,20,1500,0,0,0,0,0,0,2324,1891,20,2750.8,0.83,0,0,2324,1891,12,384,0.7,895,86,804,43,4329,5,0,232,0,159,7,2,0,5,0,0,5,0,11,99,45,185,1259,473,114,14,0.37,0.27,0,0,0.2,681,133,743.23,2.02E+11
11575506f3a1ee6f14363e890da8e5a7,7.9,1,640,32,142,137,801,489.78,2599.78,489.38,5.12,3277,0.76,0.92,2,227.88,2,0,0,2,198,0.8,485,644,0,0,0,2,0.8,712,454,0,0,0.56,48,0,711,42,3454,9,0,110,0,131,4,2,0,9,0,0,9,0,5,55,0,193,800,0,105,9,0.5,0.26,0.01,0,0.2,226,105,190.8,2.02E+11
286ab42c62a60e02aa2e30717b3908e1,8.5,1,413,36,17,113,360,416.52,1822.82,460.16,5.35,2209,0.74,0.92,0,201.11,3,0,0,3,132,0.99,372,22,0,0,0,3,0.99,379,15,720,0,0.85,56,7,272,28,1138,7,0,57,0,37,7,0,0,7,0,0,7,0,6,62,2,43,510,12,90,18,0.53,0.21,0.01,0.1,0.13,104,21,122.8,2.02E+11
dc2576ba76d04f35acc8ad9382e955ec,8.2,1,156,17,0,0,120,291.59,989.97,384.13,6.04,943,0.86,0.87,0,354.59,0,0,0,0,0,0,0,0,0,0,0,0,0,0,0,240,0,0.55,0,0,148,17,916,1,0,9,0,49,2,0,0,1,0,0,1,0,3,37,4,10,311,15,178,26,0.52,0.33,0,0.02,0.13,328,152,226.64,2.02E+11
f723ce1b18819e5a0d7d1192250d1f7e,7.1,1,61,8,0,0,1013,252.92,958.75,353.44,7.62,465,0.88,0.96,0,313,0,0,0,0,0,0,0,0,0,0,0,0,0,0,0,720,0,0.87,21,9,0,0,0,8,0,61,0,18,2,2,0,8,0,0,8,0,0,27,0,0,117,0,35,10,0.49,0.23,0,0.11,0.14,0,55,113.19,2.02E+11
1941bf5df23bbe0224d7c876d262412a,6.2,1,416,43,25,0,812,810.74,1904.47,293.58,7.23,3009,0.84,1.04,0,584.84,0,0,0,0,0,0,0,144,0,0,0,0,0,0,144,0,0,0.75,72,1,475,73,3238,7,0,139,0,121,6,0,0,7,0,0,7,0,23,71,15,124,613,94,206,29,0.4,0.3,0.03,0.08,0.19,265,127,280.33,2.02E+11
6cf96b7573f610a2739da39f6e22cbd2,7,1,319,30,31,0,1189,351.82,1485.02,457.99,5.92,1890,1.93,0.93,0,462.13,0,0,0,0,0,0,0,153,0,0,0,0,0,0,153,720,0,0.71,58,11,145,19,767,17,0,180,0,70,2,0,0,17,0,0,17,0,2,54,8,2,377,49,58,14,0.29,0.34,0.05,0.02,0.29,322,229,306.94,2.02E+11
6b6d7ccb2d17389de91cd8135aaacb5a,6.2,1,988,80,40,156,840,592.65,1841.79,355.62,6.8,6716,0.87,0.95,3,664.4,9,0,0,9,1000,0.99,739,463,3,2044,0.67,9,0.98,1048,169,1680,0,0.73,280,17,789,82,4423,1,0,2,0,243,34,0,0,1,0,0,1,0,26,101,3,315,998,31,100,9,0.33,0.21,0.02,0.03,0.41,503,311,476.43,2.02E+11
9d0c4080db434e2ab16c80ce2b994f92,6.1,1,937,25,61,0,1748,345.01,1549.51,936.35,3.28,3073,0.79,1,0,401.92,0,0,0,0,0,0,0,23,0,0,0,0,0,0,23,1564,0,0.64,179,1,481,12,1792,8,0,229,0,194,11,5,0,8,0,0,8,0,2,49,0,95,1162,46,304,19,0.54,0.22,0.11,0.01,0.09,384,113,308.24,2.02E+11
2f313dba10849a3e407cd44b4f24ce46,0.8,0,285,25,0,0,1264,492.2,1298.55,434.57,5,1424,0.85,0.96,0,747.36,0,0,0,0,0,0,0,0,0,0,0,0,0,0,0,0,0,0.82,74,3,43,13,447,9,0,224,0,44,2,1,0,9,0,0,9,0,10,26,0,35,311,0,50,8,0.42,0.26,0,0.1,0.22,1075,94,539.89,2.02E+11
fc1838541632d227fc1ecf1caf595515,7.3,1,144,8,0,0,572,279.25,1119.61,485.69,3.53,508,0.82,0.93,0,187,0,0,0,0,0,0,0,0,0,0,0,0,0,0,0,0,0,0.33,28,0,157,9,494,5,0,83,0,40,2,2,0,5,0,0,5,0,1,22,0,12,304,0,76,9,0.86,0.12,0,0,0.03,123,87,133.91,2.02E+11
f723ce1b18819e5a0d7d1192250d1f7e,7.1,1,61,8,0,0,1013,252.92,958.75,353.44,7.62,465,0.88,0.96,0,313,0,0,0,0,0,0,0,0,0,0,0,0,0,0,0,720,0,0.87,21,9,0,0,0,8,0,61,0,18,2,2,0,8,0,0,8,0,0,27,0,0,117,0,35,10,0.49,0.23,0,0.11,0.14,0,55,113.19,2.02E+11
98d84d12d5a99238bdd760647d81e907,7.3,1,293,46,158,8,4,1730.76,3672.03,770.99,5.65,1654,1.24,0.89,10,1446.61,0,0,0,0,0,0,14,893,10,4618.8,0.69,0,0,58,849,0,0,0.86,0,0,290,49,1623,0,0,7,0,76,9,0,0,0,0,0,0,0,17,67,8,52,284,53,50,31,0.16,0.48,0,0.06,0.3,1302,20,753.83,2.02E+11
7dd8dd8727e1961f3a6884a7780cd340,6,1,867,31,142,0,120,339.91,1723.54,630.27,3.51,3043,0.81,0.93,0,278.97,0,0,0,0,0,0,10,222,0,0,0,0,0,0,271,0,0,0.83,337,11,450,19,1741,1,0,36,0,109,7,0,0,1,0,0,1,0,14,32,0,227,869,4,101,5,0.31,0.37,0,0.13,0.2,197,362,266.78,2.02E+11
654ef44b48d8518f08b52ad8aa7bab87,6,1,320,24,77,33,941,400.11,2470.08,534.09,4.3,1376,0.77,0.85,3,365.17,0,0,0,0,0,0,0,226,1,3724,0.51,0,0,63,218,260,0,0.66,47,8,259,22,1080,6,0,88,0,74,4,0,0,6,0,0,6,0,8,35,0,46,424,0,74,6,0.47,0.15,0,0.01,0.34,429,64,265.95,2.02E+11
7bd2b79519917048b9ff04f750bb6a55,5.9,1,490,45,28,25,1224,680.38,1836.01,304.2,8.42,4128,0.79,0.88,1,620.27,2,0,0,2,3892,1.42,340,128,1,264,1,2,1.42,340,128,406,0,0.53,114,10,307,36,2534,11,0,183,0,84,15,7,0,11,0,0,11,0,5,58,3,52,492,52,40,9,0.45,0.4,0,0,0.12,637,127,440.24,2.02E+11
6fe42fe013f92f0fa6fe683c9d8adf56,4.1,0,330,30,24,0,482,310.16,1261.13,612.15,3.19,1054,0.97,1.24,0,478.8,0,0,0,0,0,0,0,45,0,0,0,0,0,0,45,362,0,0.64,101,11,254,26,824,3,0,72,0,39,2,0,0,3,0,0,3,0,3,38,5,12,499,49,152,6,0.61,0.04,0.03,0,0.1,479,64,418.7,2.02E+11
68a8d1596f7b9fd31c49c0b9005ee558,5.4,1,581,43,97,109,1642,637.14,2717.16,642.86,4.45,2588,2.94,1.04,5,740.65,4,0,0,2,1002,0.96,305,670,7,1601.71,0.94,4,0.92,539,436,774,0,0.57,122,3,358,36,1609,17,0,267,0,67,7,1,0,17,0,0,17,0,1,61,17,1,730,181,231,26,0.69,0.1,0,0.08,0.13,674,206,483.09,2.02E+11
8178d6766a506fc5334b6f901b487b7e,5.6,1,392,31,16,3,1812,520.55,1459.12,264.35,6.72,2636,0.74,0.86,0,625.55,0,0,0,0,0,0,0,69,0,0,0,0,0,32,37,1142,0,0.7,86,5,162,24,1216,4,0,118,0,57,4,0,0,4,0,0,4,0,0,43,1,0,460,23,40,5,0.2,0.48,0,0,0.32,750,115,584.45,2.02E+11
9d0c4080db434e2ab16c80ce2b994f92,6.1,1,937,25,61,0,1748,345.01,1549.51,936.35,3.28,3073,0.79,1,0,401.92,0,0,0,0,0,0,0,23,0,0,0,0,0,0,23,1564,0,0.64,179,1,481,12,1792,8,0,229,0,194,11,5,0,8,0,0,8,0,2,49,0,95,1162,46,304,19,0.54,0.22,0.11,0.01,0.09,384,113,308.24,2.02E+11
fc9f170708207afb85b2f6db6a026915,3.5,0,496,128,145,92,360,700.57,3484.08,377.56,8.21,4073,1.76,1.29,37,765.09,10,0,0,8,1600,1.2,394,1095,26,2170.46,1.24,10,1.19,618,1099,0,0,1.16,0,0,617,192,4529,0,0,0,0,86,3,0,0,0,0,0,0,0,57,179,1,176,562,7,35,17,0.14,0.17,0,0.09,0.57,520,67,450.6,2.02E+11
0976e15a609c00ab7d796dc9b820b12b,5.7,1,196,31,30,7,1306,393.45,1861.49,618.31,6.08,1191,0.72,0.91,3,247.35,2,0,0,2,272,0.68,93,142,0,0,0,2,0.68,93,212,480,0,0.79,57,7,127,19,601,11,0,75,0,34,3,1,0,11,0,0,11,0,9,40,0,66,266,0,106,12,0.35,0.19,0,0.08,0.32,133,60,171.27,2.02E+11
9c6fea3bf6b0dcad3014d84dd1494834,4.8,0,506,37,170,69,85,644.68,3011.91,528.4,4.18,2116,0.75,0.87,12,980.11,1,0,0,0,0,0,50,795,13,2115.69,0.84,1,1,248,597,0,0,0.65,318,29,313,13,764,0,0,13,0,102,7,0,0,0,0,0,0,0,23,38,2,235,541,23,45,9,0.56,0.16,0.04,0.02,0.11,1977,248,650.16,2.02E+11
ae8521df773cb97772fa55aa2f9039dc,5,1,658,39,87,0,1202,611.33,1775.43,417.13,5.58,3672,0.98,0.95,0,518.77,0,0,0,0,0,0,0,329,0,0,0,0,0,0,329,0,354,0.71,181,10,559,51,3018,7,0,188,0,105,9,1,0,7,0,0,7,0,15,65,4,57,822,72,112,15,0.37,0.25,0.01,0.02,0.26,336,238,310.29,2.02E+11
0ffd08b55164fa1426ab8afc6a9cb64e,3.8,0,138,26,0,22,621,235.07,1137.65,443.97,5.3,732,1.86,0.92,0,258.62,6,0,0,6,292,0.97,188,0,0,0,0,6,0.97,188,0,0,0,0.7,24,0,141,27,867,5,0,66,0,55,12,5,0,5,0,0,5,0,6,45,7,20,355,28,184,23,0.49,0.29,0.01,0.07,0.14,175,8,122.62,2.02E+11
e174b2827772af10167829fc866ff893,5.6,1,146,33,0,0,274,178.85,987.4,372.25,6.83,997,0.83,0.91,0,256,0,0,0,0,0,0,0,0,0,0,0,0,0,0,0,0,0,0.71,70,14,76,18,326,0,0,0,0,28,1,0,0,0,0,0,0,0,3,52,0,7,252,0,81,15,0.52,0.12,0.04,0.04,0.23,260,26,160.58,2.02E+11
0ad2b4dabf1c2811729aab3921ffeca8,4.6,0,285,9,0,0,971,439.71,1501.7,794.55,3.5,997,1.12,0.93,0,220.44,0,0,0,0,0,0,0,0,0,0,0,0,0,0,0,0,0,0.39,116,3,125,6,513,6,0,202,0,85,9,6,0,6,0,0,6,0,4,13,0,38,333,0,30,2,0.83,0.1,0,0,0.07,222,202,174.12,2.02E+11
6b6d7ccb2d17389de91cd8135aaacb5a,6.2,1,988,80,40,156,840,592.65,1841.79,355.62,6.8,6716,0.87,0.95,3,664.4,9,0,0,9,1000,0.99,739,463,3,2044,0.67,9,0.98,1048,169,1680,0,0.73,280,17,789,82,4423,1,0,2,0,243,34,0,0,1,0,0,1,0,26,101,3,315,998,31,100,9,0.33,0.21,0.02,0.03,0.41,503,311,476.43,2.02E+11
84c202c256a2950fbc52314df6ec4914,0,0,62,11,0,0,553,186.39,624.71,178.45,7.21,447,0.91,0.97,0,306.91,0,0,0,0,0,0,0,0,0,0,0,0,0,0,0,0,0,0.8,0,0,0,0,0,6,0,36,0,16,0,0,0,6,0,0,6,0,0,24,0,1,142,0,61,13,0.48,0.02,0.18,0,0.23,0,276,290.17,2.02E+11
0ffd08b55164fa1426ab8afc6a9cb64e,3.8,0,138,26,0,22,621,235.07,1137.65,443.97,5.3,732,1.86,0.92,0,258.62,6,0,0,6,292,0.97,188,0,0,0,0,6,0.97,188,0,0,0,0.7,24,0,141,27,867,5,0,66,0,55,12,5,0,5,0,0,5,0,6,45,7,20,355,28,184,23,0.49,0.29,0.01,0.07,0.14,175,8,122.62,2.02E+11
8178d6766a506fc5334b6f901b487b7e,5.6,1,392,31,16,3,1812,520.55,1459.12,264.35,6.72,2636,0.74,0.86,0,625.55,0,0,0,0,0,0,0,69,0,0,0,0,0,32,37,1142,0,0.7,86,5,162,24,1216,4,0,118,0,57,4,0,0,4,0,0,4,0,0,43,1,0,460,23,40,5,0.2,0.48,0,0,0.32,750,115,584.45,2.02E+11
53c35fcab4c8fbd4099e5ca91eb10502,0.7,0,339,47,34,71,705,337.83,1769.5,295.01,6.89,2335,0.92,0.83,1,273.11,11,0,0,12,397.67,0.78,492,123,0,0,0,11,0.77,485,130,0,266,1.04,72,0,291,53,1974,4,0,79,0,40,8,1,0,4,0,0,4,0,11,55,2,43,342,3,12,5,0.17,0.33,0.08,0.08,0.33,279,486,277.12,2.02E+11
ae8521df773cb97772fa55aa2f9039dc,5,1,658,39,87,0,1202,611.33,1775.43,417.13,5.58,3672,0.98,0.95,0,518.77,0,0,0,0,0,0,0,329,0,0,0,0,0,0,329,0,354,0.71,181,10,559,51,3018,7,0,188,0,105,9,1,0,7,0,0,7,0,15,65,4,57,822,72,112,15,0.37,0.25,0.01,0.02,0.26,336,238,310.29,2.02E+11
8e3215d0f18771cb3287f2123ffb2cdc,0,0,52,1,0,0,35,207,634.54,192.69,0.75,39,1.03,1.01,0,180,0,0,0,0,0,0,0,0,0,0,0,0,0,0,0,0,0,1.39,0,0,0,0,0,0,0,6,0,10,0,0,0,0,0,0,0,0,0,8,0,0,78,0,26,7,0,0,0.15,0.08,0.69,0,566,518,2.02E+11
