student_id,prolog_score,haskell_score,TotalScore,BinaryScore,avDiffratioAlll,avDiffratioCompleted,avdiffDeadline.1,nmbrDecemberSubs,nmbrCompleteDecemberSubs,nmbrJanuarySubs,nmbrCompleteJanuarySubs,nmbrSuccessTestsJanuary,nbCompleteOnTimeSubs.1,nmbMorningSubsOnTIme,nmbDaySubsOnTIme,nmbNightSubsOnTIme,nmbrAlmostCheat.1,nmbrCheat.1,nmbrCheatOnTime.1,nmbMorningubsOnTImeCompleted,nmbDaySubsOnTImeCompleted,nmbNightSubsOnTImeCompleted,nmbMorningubsOnTImeCompleted.1,nmbDaySubsOnTImeCompleted.1,nmbNightSubsOnTImeCompleted.1,nbMorningCompleteSubs,nDayCompleteSubs,nbNightCompleteSubs,nbMorningSubs,nmbDaySubs,nmbNightSubs,nmbrOctoberSubs,nmbrCompleteOctoberSubs,avNmbrShort_05,avNmbrQuiteShort_075,avNmbrQuiteLong_15,avNmbrLong_2,avNmbrAroundSol_0.25,avStyleLengthCompltedSubsJanuary,avStyleLengthCompltedSubsOctober,avStyleLength,Avsubtime,TotalScore,nmbrCompleteSubs
39d6ea2bd7fdd9a4dfaa902ac589d0ec,10,9.1,19.1,1,12.8,14.01,0.96,40,26,207,94,1813,18,0,23,0,19,3,0,0,18,0,0,18,0,19,120,17,41,221,47,42,21,0.26,0.31,0.05,0.12,0.26,968.89,74.67,765.05,2.02E+11,19.1,21
753cc0c9a3f08ce6c0637cdd6a25afe9,3.5,6.4,9.9,0,0.93,2.64,0.53,0,0,551,63,2046,0,0,0,0,62,2,0,0,0,0,0,0,0,26,20,34,242,202,372,265,17,0.7,0.05,0,0.04,0.16,206.54,120.47,188.25,2.02E+11,9.9,17
753cc0c9a3f08ce6c0637cdd6a25afe9,4,3.5,7.5,0,0.93,2.64,0.53,0,0,551,63,2046,0,0,0,0,62,2,0,0,0,0,0,0,0,26,20,34,242,202,372,265,17,0.7,0.05,0,0.04,0.16,206.54,120.47,188.25,2.02E+11,7.5,17
f723ce1b18819e5a0d7d1192250d1f7e,4,7.1,11.1,1,0.88,1.01,0.87,21,9,0,0,0,8,0,61,0,18,2,2,0,8,0,0,8,0,0,27,0,0,117,0,35,10,0.49,0.23,0,0.11,0.14,0,55.2,113.19,2.02E+11,11.1,10
f723ce1b18819e5a0d7d1192250d1f7e,3,6.3,9.3,0,0.88,1.01,0.87,21,9,0,0,0,8,0,61,0,18,2,2,0,8,0,0,8,0,0,27,0,0,117,0,35,10,0.49,0.23,0,0.11,0.14,0,55.2,113.19,2.02E+11,9.3,10
aa2f79e979e0dada2c0cda7861539577,8.5,9.9,18.4,1,0.78,0.95,0.86,437,38,0,0,0,0,0,0,0,50,3,0,0,0,0,0,0,0,1,27,31,48,286,205,66,16,0.42,0.14,0.2,0.03,0.2,0,96.75,239.86,2.02E+11,18.4,16
2f840e664922cd5532a517b4ddc49f0d,7,5.8,12.8,1,0.84,0.94,1.25,246,4,886,62,3851,0,0,0,0,159,11,0,0,0,0,0,0,0,4,29,34,98,626,417,9,1,0,0,0.11,0,0.67,339.87,0,363.22,2.02E+11,12.8,1
2f840e664922cd5532a517b4ddc49f0d,3,5.9,8.9,0,0.84,0.94,1.25,246,4,886,62,3851,0,0,0,0,159,11,0,0,0,0,0,0,0,4,29,34,98,626,417,9,1,0,0,0.11,0,0.67,339.87,0,363.22,2.02E+11,8.9,1
dc2576ba76d04f35acc8ad9382e955ec,3,8.2,11.2,1,0.7,0.9,0.55,0,0,148,17,916,1,0,9,0,49,2,0,0,1,0,0,1,0,3,37,4,10,311,15,178,26,0.52,0.33,0,0.02,0.13,328.47,151.69,226.64,2.02E+11,11.2,26
9d0c4080db434e2ab16c80ce2b994f92,4,6.1,10.1,1,0.76,0.91,0.64,179,1,481,12,1792,8,0,229,0,194,11,5,0,8,0,0,8,0,2,49,0,95,1162,46,304,19,0.54,0.22,0.11,0.01,0.09,383.67,112.63,308.24,2.02E+11,10.1,19
9d0c4080db434e2ab16c80ce2b994f92,3.5,4,7.5,0,0.76,0.91,0.64,179,1,481,12,1792,8,0,229,0,194,11,5,0,8,0,0,8,0,2,49,0,95,1162,46,304,19,0.54,0.22,0.11,0.01,0.09,383.67,112.63,308.24,2.02E+11,7.5,19
a3d71ac66f475dfb20cd71fad571e7cc,8.5,8.6,17.1,1,0.79,0.91,0.87,44,8,50,7,333,5,0,52,0,22,1,0,0,5,0,0,5,0,8,20,0,20,110,0,9,8,0.22,0.11,0,0,0.56,201.71,0,94,2.02E+11,17.1,8
5ff645b36dc06d77cf337ef101f3477d,10,6.7,16.7,1,0.75,0.96,0.71,28,4,9,0,117,34,0,137,0,27,2,1,0,34,0,0,34,0,2,55,0,23,242,0,74,17,0.47,0.24,0.11,0.03,0.15,0,0,475.02,2.02E+11,16.7,17
286ab42c62a60e02aa2e30717b3908e1,3,8.5,11.5,1,0.73,1.03,0.85,56,7,272,28,1138,7,0,57,0,37,7,0,0,7,0,0,7,0,6,62,2,43,510,12,90,18,0.53,0.21,0.01,0.1,0.13,104.14,20.89,122.8,2.02E+11,11.5,18
2a163f5b40d2368587ce1587ad4bd816,6,7.5,13.5,1,0.73,0.97,0.56,28,6,5,0,3,11,0,225,0,54,3,3,0,11,0,0,11,0,5,21,0,18,375,0,140,9,0.65,0.16,0.06,0.04,0.09,0,265.78,322.77,2.02E+11,13.5,9
b236532030d414720320028ad76096d7,4,4,8,0,13.44,9.5,0.78,24,12,73,41,789,0,0,0,0,39,6,0,0,0,0,0,0,0,3,53,1,7,98,1,9,4,0.44,0,0.11,0,0.44,282.63,48,303.02,2.02E+11,8,4
6fe42fe013f92f0fa6fe683c9d8adf56,4.5,4.1,8.6,0,0.86,1.34,0.64,101,11,254,26,824,3,0,72,0,39,2,0,0,3,0,0,3,0,3,38,5,12,499,49,152,6,0.61,0.04,0.03,0,0.1,479.38,64,418.7,2.02E+11,8.6,6
369a1f5893a0c5de3acf72278ad8651e,6,4.7,10.7,1,0.76,1.02,1.27,29,3,374,15,1619,2,0,10,0,59,6,0,0,2,0,0,2,0,3,20,1,53,344,29,13,4,0,0,0.23,0,0.46,262.13,0,218.67,2.02E+11,10.7,4
8d85b6803e45303bcf821dea90b3a031,6,9.3,15.3,1,0.74,0.92,0.71,0,0,456,74,2983,0,0,0,0,99,2,0,0,0,0,0,0,0,6,71,16,34,379,124,81,19,0.31,0.48,0.02,0.06,0.12,451.19,0,359.01,2.02E+11,15.3,19
8d85b6803e45303bcf821dea90b3a031,4,3.3,7.3,0,0.74,0.92,0.71,0,0,456,74,2983,0,0,0,0,99,2,0,0,0,0,0,0,0,6,71,16,34,379,124,81,19,0.31,0.48,0.02,0.06,0.12,451.19,0,359.01,2.02E+11,7.3,19
ae8521df773cb97772fa55aa2f9039dc,1,5,6,0,0.85,0.93,0.71,181,10,559,51,3018,7,0,188,0,105,9,1,0,7,0,0,7,0,15,65,4,57,822,72,112,15,0.37,0.25,0.01,0.02,0.26,335.53,238.13,310.29,2.02E+11,6,15
0ffd08b55164fa1426ab8afc6a9cb64e,2,3.8,5.8,0,1.08,1.06,0.7,24,0,141,27,867,5,0,66,0,55,12,5,0,5,0,0,5,0,6,45,7,20,355,28,184,23,0.49,0.29,0.01,0.07,0.14,175.11,8.35,122.62,2.02E+11,5.8,23
0beb7f8567632f98215f144179142084,7,6.2,13.2,1,0.88,0.99,0.66,127,20,281,59,1927,15,0,137,0,67,2,2,0,15,0,0,15,0,30,76,0,91,511,0,108,13,0.54,0.19,0.02,0.06,0.18,606.92,15.08,417.51,2.02E+11,13.2,13
654ef44b48d8518f08b52ad8aa7bab87,3,6,9,0,0.72,0.82,0.66,47,8,259,22,1080,6,0,88,0,74,4,0,0,6,0,0,6,0,8,35,0,46,424,0,74,6,0.47,0.15,0,0.01,0.34,428.91,64,265.95,2.02E+11,9,6
c27bb9a8a492ec94befec86267ec142a,3,4.7,7.7,0,0.78,1.45,0.78,0,0,0,0,0,0,0,0,0,0,0,0,0,0,0,0,0,0,0,10,0,0,56,0,56,10,0.36,0.18,0.02,0.04,0.3,0,160,160,2.02E+11,7.7,10
68a8d1596f7b9fd31c49c0b9005ee558,3,5.4,8.4,0,2.07,0.85,0.57,122,3,358,36,1609,17,0,267,0,67,7,1,0,17,0,0,17,0,1,61,17,1,730,181,231,26,0.69,0.1,0,0.08,0.13,674.11,206.46,483.09,2.02E+11,8.4,26
7bd2b79519917048b9ff04f750bb6a55,3,5.9,8.9,0,0.76,0.88,0.53,114,10,307,36,2534,11,0,183,0,84,15,7,0,11,0,0,11,0,5,58,3,52,492,52,40,9,0.45,0.4,0,0,0.12,636.89,127.11,440.24,2.02E+11,8.9,9
fca8ee584f4b7291a5e36c32a3f58fe3,6,7.9,13.9,1,0.87,0.99,0.6,235,17,541,62,3482,5,0,108,0,165,5,2,0,5,0,0,5,0,2,71,14,25,733,117,14,4,0.29,0.57,0,0,0.14,251.1,0,247.49,2.02E+11,13.9,4
9c6fea3bf6b0dcad3014d84dd1494834,2,4.8,6.8,0,0.66,1.09,0.65,318,29,313,13,764,0,0,13,0,102,7,0,0,0,0,0,0,0,23,38,2,235,541,23,45,9,0.56,0.16,0.04,0.02,0.11,1977.23,248.44,650.16,2.02E+11,6.8,9
9b5976d69364cff675b96a47813f37a4,3.5,8.8,12.3,1,0.81,0.89,0.89,0,0,127,51,1086,0,0,0,0,34,2,0,0,0,0,0,0,0,0,52,10,0,138,18,29,11,0.41,0.17,0.1,0.03,0.24,358.35,154.91,322.26,2.02E+11,12.3,11
cfbbd70d324c775904b25d1304417bdc,3.5,3.4,6.9,0,3.07,2.26,1.08,4,4,123,67,1010,0,0,1,0,72,20,0,0,0,0,0,0,0,36,39,0,77,58,0,7,4,0,0,0,0,1,303.64,0,301.81,2.02E+11,6.9,4
1941bf5df23bbe0224d7c876d262412a,4.5,6.2,10.7,1,0.79,1.11,0.75,72,1,475,73,3238,7,0,139,0,121,6,0,0,7,0,0,7,0,23,71,15,124,613,94,206,29,0.4,0.3,0.03,0.08,0.19,264.6,127.03,280.33,2.02E+11,10.7,29
cfbd4cf13a12a94cc7f0fd97e58f8bf6,4.5,5.9,10.4,1,0.85,0.97,1.04,0,0,212,54,1224,0,0,0,0,52,3,0,0,0,0,0,0,0,21,41,0,82,157,0,27,8,0.15,0.07,0.11,0,0.52,121.63,96.5,118.39,2.02E+11,10.4,8
093ee5a67490d068f8e37d9e9403823b,7,5.6,12.6,1,0.77,0.99,1.07,14,3,259,35,1927,5,0,14,0,41,2,0,0,5,0,0,5,0,19,29,1,118,186,7,16,3,0.12,0.06,0,0,0.81,619.09,64,504.82,2.02E+11,12.6,3
7dd8dd8727e1961f3a6884a7780cd340,3,6,9,0,0.76,0.85,0.83,337,11,450,19,1741,1,0,36,0,109,7,0,0,1,0,0,1,0,14,32,0,227,869,4,101,5,0.31,0.37,0,0.13,0.2,197.05,361.6,266.78,2.02E+11,9,5
8178d6766a506fc5334b6f901b487b7e,2.5,5.6,8.1,0,0.75,0.87,0.7,86,5,162,24,1216,4,0,118,0,57,4,0,0,4,0,0,4,0,0,43,1,0,460,23,40,5,0.2,0.48,0,0,0.32,749.5,115.2,584.45,2.02E+11,8.1,5
6cf96b7573f610a2739da39f6e22cbd2,3.5,7,10.5,1,1.63,3.05,0.71,58,11,145,19,767,17,0,180,0,70,2,0,0,17,0,0,17,0,2,54,8,2,377,49,58,14,0.29,0.34,0.05,0.02,0.29,321.89,229.14,306.94,2.02E+11,10.5,14
2f313dba10849a3e407cd44b4f24ce46,9,0.8,9.8,0,0.84,0.95,0.82,74,3,43,13,447,9,0,224,0,44,2,1,0,9,0,0,9,0,10,26,0,35,311,0,50,8,0.42,0.26,0,0.1,0.22,1074.77,94,539.89,2.02E+11,9.8,8
6b4a89ff3b64a228f03fd59d41de89d8,2,6,8,0,0.9,1.19,1.36,5,0,311,51,1744,11,0,132,0,55,6,0,0,11,0,0,11,0,4,33,30,31,287,185,7,2,0,0,0,0.29,0.71,381.02,0,418.51,2.02E+11,8,2
21b2d856eb8ef508a420db8c8527e978,1.75,5.1,6.85,0,0.69,0.8,0.58,0,0,134,4,442,0,0,0,0,18,2,0,0,0,0,0,0,0,1,9,1,6,157,11,40,7,0.58,0.1,0,0,0.32,274,26.86,116.73,2.02E+11,6.85,7
0ad2b4dabf1c2811729aab3921ffeca8,1,4.6,5.6,0,0.97,4.07,0.39,116,3,125,6,513,6,0,202,0,85,9,6,0,6,0,0,6,0,4,13,0,38,333,0,30,2,0.83,0.1,0,0,0.07,222,202,174.12,2.02E+11,5.6,2
b70bae1bd72b4f0f7f7e617de2bf4436,2,5.6,7.6,0,0.8,1.18,1.02,102,7,476,45,1811,5,0,87,0,118,8,1,0,5,0,0,5,0,4,70,0,65,871,0,145,13,0.67,0.01,0.01,0.18,0.13,397.16,0,337.78,2.02E+11,7.6,13
5b3a1970b575ed48c8bae36e49455847,3.5,8.5,12,1,1.31,5.18,0.7,895,86,804,43,4329,5,0,232,0,159,7,2,0,5,0,0,5,0,11,99,45,185,1259,473,114,14,0.37,0.27,0,0,0.2,681.02,133.43,743.23,2.02E+11,12,14
11575506f3a1ee6f14363e890da8e5a7,4,7.9,11.9,1,0.71,0.92,0.56,48,0,711,42,3454,9,0,110,0,131,4,2,0,9,0,0,9,0,5,55,0,193,800,0,105,9,0.5,0.26,0.01,0,0.2,226.38,104.89,190.8,2.02E+11,11.9,9
ef2fb32b1b00eb1ac656339d58449ab3,6.75,5,11.75,1,0.71,0.91,0.58,444,14,198,22,593,11,0,243,0,42,3,3,0,11,0,0,11,0,0,50,6,2,707,69,47,14,0.53,0.32,0,0.02,0.13,601.64,0,773.21,2.02E+11,11.75,14
98d84d12d5a99238bdd760647d81e907,2,7.3,9.3,0,1.1,1.54,0.86,0,0,290,49,1623,0,0,7,0,76,9,0,0,0,0,0,0,0,17,67,8,52,284,53,50,31,0.16,0.48,0,0.06,0.3,1302.2,20.39,753.83,2.02E+11,9.3,31
876b12751f228d961a217962032245e2,3.75,6.9,10.65,1,0.74,0.94,0.73,580,44,0,0,0,1,0,192,0,120,5,0,0,1,0,0,1,0,6,52,3,62,674,41,31,8,0.45,0.19,0,0.06,0.29,0,0,953.64,2.02E+11,10.65,8
493c85ea64b4a1b61a6ae4e5b8fa9368,3.75,5.8,9.55,0,0.72,0.98,0.73,144,34,319,43,1981,0,0,0,0,77,10,0,0,0,0,0,0,0,4,91,1,79,398,37,51,19,0.39,0.2,0.02,0.02,0.37,260.37,10.11,171,2.02E+11,9.55,19
25131b68858f87417db843993a7c6b72,1.5,8.7,10.2,1,0.86,1.28,0.99,8,2,317,17,1224,0,0,0,0,138,5,0,0,0,0,0,0,0,2,50,21,9,439,317,168,28,0.49,0.1,0,0.11,0.29,558.59,56.29,316.82,2.02E+11,10.2,28
6b6d7ccb2d17389de91cd8135aaacb5a,4,6.2,10.2,1,0.82,1.12,0.73,280,17,789,82,4423,1,0,2,0,243,34,0,0,1,0,0,1,0,26,101,3,315,998,31,100,9,0.33,0.21,0.02,0.03,0.41,503.32,310.67,476.43,2.02E+11,10.2,9
e174b2827772af10167829fc866ff893,0,5.6,5.6,0,0.72,0.87,0.71,70,14,76,18,326,0,0,0,0,28,1,0,0,0,0,0,0,0,3,52,0,7,252,0,81,15,0.52,0.12,0.04,0.04,0.23,260.44,25.6,160.58,2.02E+11,5.6,15
0976e15a609c00ab7d796dc9b820b12b,1.5,5.7,7.2,0,0.71,0.94,0.79,57,7,127,19,601,11,0,75,0,34,3,1,0,11,0,0,11,0,9,40,0,66,266,0,106,12,0.35,0.19,0,0.08,0.32,132.84,60.33,171.27,2.02E+11,7.2,12
fdbd5706bd9e9000aba7eb8107a6b70e,4.5,5.6,10.1,1,0.73,0.82,0.53,0,0,297,26,1504,0,0,0,0,54,4,0,0,0,0,0,0,0,0,27,0,0,294,83,80,1,0.38,0.56,0,0,0.06,450,0,433.33,2.02E+11,10.1,1
3cea64950f19402f1d9349edf7f6fd44,2.5,5.5,8,0,0.96,1.13,1.47,0,0,82,32,593,0,0,0,0,17,0,0,0,0,0,0,0,0,3,35,1,10,75,6,9,7,0.11,0,0.33,0.11,0.44,142.88,272,166.05,2.02E+11,8,7
297864776728a8659cca53ea53c482da,3,5.6,8.6,0,1.02,2.33,0.45,174,8,607,41,3173,7,0,358,0,118,3,0,0,7,0,0,7,0,12,42,4,183,850,104,82,1,0.77,0,0.01,0,0.15,695.9,0,561.72,2.02E+11,8.6,1
fc1838541632d227fc1ecf1caf595515,2,7.3,9.3,0,0.62,0.75,0.33,28,0,157,9,494,5,0,83,0,40,2,2,0,5,0,0,5,0,1,22,0,12,304,0,76,9,0.86,0.12,0,0,0.03,123.11,86.67,133.91,2.02E+11,9.3,9
de53b347c1bf0e9909ef3af81469c28b,3.5,2.2,5.7,0,0.72,0.97,0.36,26,3,189,12,1051,0,0,4,0,33,0,0,0,0,0,0,0,0,0,14,2,6,216,12,19,1,0.84,0.16,0,0,0,339.67,0,368.5,2.02E+11,5.7,1
058f06089e42031d74df557e792c77ca,2,3.8,5.8,0,0.71,0.92,0.31,444,37,605,45,2679,4,0,84,0,191,17,1,0,4,0,0,4,0,16,73,4,250,963,44,14,2,0.93,0.07,0,0,0,148.18,0,235.91,2.02E+11,5.8,2
fc9f170708207afb85b2f6db6a026915,3.75,3.5,7.25,0,1.49,2.23,1.16,0,0,617,192,4529,0,0,0,0,86,3,0,0,0,0,0,0,0,57,179,1,176,562,7,35,17,0.14,0.17,0,0.09,0.57,519.83,66.59,450.6,2.02E+11,7.25,17
ac91fd28a8d12867fad7b95504d7fc1d,4.25,1,5.25,0,1.03,1.18,1.22,0,0,4,1,24,0,0,7,0,1,0,0,0,0,0,0,0,0,0,5,0,0,15,0,4,4,0,0,0,0,0.5,0,45,36,2.02E+11,5.25,4
861a22c4272a33d4f6e9846897003099,0.5,4.3,4.8,0,1.04,1.98,0.62,2,2,1112,60,4848,0,0,0,0,178,7,0,0,0,0,0,0,0,4,60,7,267,733,164,50,9,0.38,0.48,0.1,0,0.02,221.33,250.22,227.77,2.02E+11,4.8,9
251c436e4c3d9b844e6aa2a9a0801cac,1.5,3.3,4.8,0,0.87,1.02,0.99,75,23,188,57,1344,0,0,19,0,105,7,0,0,0,0,0,0,0,8,70,20,11,250,65,54,14,0.3,0.17,0.24,0.06,0.22,221.12,0,189.63,2.02E+11,4.8,14
a05278734f18a4b9920a6890703c0df0,2,2.5,4.5,0,0.57,0.71,0.66,0,0,2,0,6,0,0,0,0,2,0,0,0,0,0,0,0,0,0,3,0,2,44,0,34,3,0.35,0.32,0,0,0.32,0,61.33,61.33,2.02E+11,4.5,3
21bb687b6250655933cad690986e1b4b,1,3.2,4.2,0,0.93,0.98,0.81,0,0,85,24,643,0,0,0,0,48,7,0,0,0,0,0,0,0,3,35,10,8,112,39,41,18,0.29,0.24,0,0.02,0.24,248.67,196.67,208.58,2.02E+11,4.2,18
6b6d7ccb2d17389de91cd8135aaacb5a,2.25,1.9,4.15,0,0.82,1.12,0.73,280,17,789,82,4423,1,0,2,0,243,34,0,0,1,0,0,1,0,26,101,3,315,998,31,100,9,0.33,0.21,0.02,0.03,0.41,503.32,310.67,476.43,2.02E+11,4.15,9
bb3a475d3448c2fb4921e93a8c13b372,0,3.3,3.3,0,0.83,1.18,1.21,81,21,230,36,1195,0,0,0,0,44,8,0,0,0,0,0,0,0,3,53,4,10,289,22,10,3,0,0,0.1,0.1,0.8,202.67,0,175.13,2.02E+11,3.3,3
63db0a702f95112ee3c1aca1c1597ea2,1,2.1,3.1,0,0.85,1.03,0.88,75,22,349,56,1683,0,0,4,0,106,5,0,0,0,0,0,0,0,0,64,32,0,415,100,91,18,0.42,0.2,0.01,0.14,0.22,333.79,0,266.25,2.02E+11,3.1,18
5c46f79ebaa80cfb2fd3ae1d20a47e4c,1,2.1,3.1,0,0.87,1.08,0.56,1,0,46,8,145,11,0,132,0,44,2,0,0,11,0,0,11,0,0,28,0,3,217,0,38,6,0.79,0.08,0.03,0.05,0,1.5,782,255.29,2.02E+11,3.1,6
ca6ae3e3002f2daddc942c0609e48f9f,3,0,3,0,0.88,1.17,0.68,0,0,1,0,5,0,0,0,0,7,5,0,0,0,0,0,0,0,0,12,0,9,106,0,92,12,0.6,0.14,0,0.1,0.14,0,0,0,2.02E+11,3,12
107b344476c2cafa2dde66c257db0b24,0.5,2.4,2.9,0,1.03,1.37,1.65,0,0,209,22,1233,0,0,0,0,43,2,0,0,0,0,0,0,0,0,25,2,0,206,16,13,5,0,0.08,0,0.54,0.38,173.09,153.6,169.48,2.02E+11,2.9,5
84c202c256a2950fbc52314df6ec4914,2,0,2,0,0.76,1.18,0.8,0,0,0,0,0,6,0,36,0,16,0,0,0,6,0,0,6,0,0,24,0,1,142,0,61,13,0.48,0.02,0.18,0,0.23,0,276,290.17,2.02E+11,2,13
0ffd08b55164fa1426ab8afc6a9cb64e,1.5,0,1.5,0,1.08,1.06,0.7,24,0,141,27,867,5,0,66,0,55,12,5,0,5,0,0,5,0,6,45,7,20,355,28,184,23,0.49,0.29,0.01,0.07,0.14,175.11,8.35,122.62,2.02E+11,1.5,23
8178d6766a506fc5334b6f901b487b7e,0,1.3,1.3,0,0.75,0.87,0.7,86,5,162,24,1216,4,0,118,0,57,4,0,0,4,0,0,4,0,0,43,1,0,460,23,40,5,0.2,0.48,0,0,0.32,749.5,115.2,584.45,2.02E+11,1.3,5
53c35fcab4c8fbd4099e5ca91eb10502,0,0.7,0.7,0,0.95,0.94,1.04,72,0,291,53,1974,4,0,79,0,40,8,1,0,4,0,0,4,0,11,55,2,43,342,3,12,5,0.17,0.33,0.08,0.08,0.33,279.4,485.6,277.12,2.02E+11,0.7,5
fecc8f7214a1dd231184d802ef55d394,0,0,0,0,1.02,1.27,1.02,0,0,0,0,0,0,0,0,0,0,0,0,0,0,0,0,0,0,0,3,0,0,9,0,9,3,0.11,0.22,0,0,0.22,0,516,516,2.02E+11,0,3
8e3215d0f18771cb3287f2123ffb2cdc,0,0,0,0,1.15,1.49,1.39,0,0,0,0,0,0,0,6,0,10,0,0,0,0,0,0,0,0,0,8,0,0,78,0,26,7,0,0,0.15,0.08,0.69,0,566.29,518,2.02E+11,0,7
9607418e1057cf12a0c13bac1ecd602c,0,0,0,0,0.86,0.93,1.33,0,0,92,20,505,0,0,9,0,21,4,0,0,0,0,0,0,0,0,8,13,0,58,51,8,1,0.12,0,0.38,0,0.12,280.2,0,266.86,2.02E+11,0,1
ae8521df773cb97772fa55aa2f9039dc,0,0,0,0,0.85,0.93,0.71,181,10,559,51,3018,7,0,188,0,105,9,1,0,7,0,0,7,0,15,65,4,57,822,72,112,15,0.37,0.25,0.01,0.02,0.26,335.53,238.13,310.29,2.02E+11,0,15
7487a38fee24fd488b8f28796aa5e748,10,10,20,1,1.18,2.71,0.89,171,15,541,54,3453,20,3,233,0,116,7,4,2,18,0,2,18,0,32,68,0,195,716,0,54,14,0.41,0.15,0.02,0.06,0.3,2889.41,54.86,1719.04,2.02E+11,20,14
1be37f69755cdcced2d8cce716a3759d,10,9.7,19.7,1,0.85,0.92,0.84,28,8,138,36,1126,19,22,57,0,40,2,0,1,18,0,1,18,0,6,74,2,43,264,2,65,21,0.31,0.18,0.06,0.08,0.34,212.89,17.9,192.49,2.02E+11,19.7,21
d5a9a01fb4f0d985833e627bbba8e056,8.5,9.6,18.1,1,2.23,4.63,0.86,219,51,192,12,1575,54,103,320,0,93,7,3,18,36,0,18,36,0,34,107,3,218,670,37,118,27,0.54,0.04,0.09,0.11,0.19,457,217.63,275.64,2.02E+11,18.1,27
4c43d1efa640ea0342204727deb3bcdc,7.5,9.9,17.4,1,0.99,1.21,1.1,275,14,526,135,4099,34,39,598,0,187,9,8,3,31,0,3,31,0,93,96,0,257,1291,1,212,18,0.39,0.14,0.03,0.12,0.25,1289.3,541.56,1260.49,2.02E+11,17.4,18
48bff672bbcbdb69ffc4dd4d673ee75f,7.5,9.8,17.3,1,1.01,0.9,0.82,34,2,22,9,181,29,6,101,0,34,1,1,3,26,0,3,26,0,10,43,0,27,182,0,58,13,0.36,0.12,0,0.02,0.45,521.33,200,383.62,2.02E+11,17.3,13
d26714ab040885192e62f8f4a71a9d17,8.5,7.9,16.4,1,0.81,0.92,0.6,199,10,30,3,102,31,3,440,0,105,9,8,1,30,0,1,30,0,1,49,0,18,574,0,84,16,0.58,0.2,0.02,0.04,0.12,745.33,70.75,737.52,2.02E+11,16.4,16
1dd4b9a2c3f2fad89534bb12f71d6c21,6,9.3,15.3,1,0.8,1.23,0.67,977,170,265,39,1948,37,47,379,0,237,16,4,0,37,0,0,37,0,88,176,0,517,1130,0,99,18,0.48,0.15,0,0.04,0.32,562.87,20.44,317.17,2.02E+11,15.3,18
807be05ad34ca22fe59be9fbfe7d94fd,4.5,9.3,13.8,1,1.3,7.03,0.8,578,38,695,74,2817,36,136,699,0,240,3,1,8,28,0,8,28,0,50,100,0,515,1288,0,33,10,0.52,0.06,0.15,0,0.18,786.81,0,977.55,2.02E+11,13.8,10
b241c242fbe08cce6033b6efe7d3055e,5.5,7.3,12.8,1,0.85,1.35,0.86,491,31,824,79,4419,10,4,100,0,215,16,0,0,10,0,0,10,0,40,112,3,441,1286,15,88,22,0.43,0.18,0.03,0.09,0.22,1621.11,266.73,1103.3,2.02E+11,12.8,22
b58f8fe5739614d93c5018b55a275c6a,6,5.8,11.8,1,0.61,0.74,0.47,43,0,145,12,1056,9,2,185,0,47,1,0,1,8,0,1,8,0,2,36,3,8,484,26,185,19,0.77,0.09,0,0.03,0.12,1537.33,122.32,589.07,2.02E+11,11.8,19
1b3389c4ef5d90bedb2a23843041ed68,4.75,7,11.75,1,0.95,0.96,1.9,186,22,113,12,1077,15,46,56,0,56,1,0,2,13,0,2,13,0,15,44,21,154,223,153,31,9,0.26,0.16,0.03,0.42,0.13,724.33,0,246.85,2.02E+11,11.75,9
4bad2737c0de0cc8e8e58ef64349b22a,6,4.7,10.7,1,0.78,0.89,0.67,155,14,327,15,1672,0,2,4,0,90,4,0,0,0,0,0,0,0,2,33,1,78,507,10,16,2,0.5,0.12,0,0,0.38,385.6,0,399.78,2.02E+11,10.7,2
5916ce95883bd36241b771fd8e3f5353,5.5,5,10.5,1,1.5,2.14,0.9,243,29,528,28,2827,0,3,0,0,97,4,0,0,0,0,0,0,0,9,61,1,97,750,3,37,8,0.19,0.16,0.19,0,0.41,740.86,90.5,563.1,2.02E+11,10.5,8
14ee2cc4ffddb49344a20c0f634f47ee,5.5,3.8,9.3,0,0.73,0.87,0.62,128,30,291,63,1900,6,6,31,0,108,11,0,0,6,0,0,6,0,24,100,10,126,450,28,125,27,0.33,0.5,0.02,0.02,0.13,497.21,41.78,309.94,2.02E+11,9.3,27
7f99d233eb5879974a376c59309455d2,3,5.7,8.7,0,0.9,1.22,0.68,661,50,282,29,1304,16,362,570,0,319,9,4,5,11,0,5,11,0,33,82,0,636,1247,0,157,14,0.54,0.06,0.07,0.03,0.24,1420.83,174.29,935.23,2.02E+11,8.7,14
64981952fbbad5d749f6771d62a9152e,6.5,2,8.5,0,0.91,1.64,0.76,199,3,126,16,376,15,22,474,0,102,11,8,0,15,0,0,15,0,7,47,0,99,833,0,300,23,0.41,0.18,0.03,0.04,0.27,50.5,289.04,283.48,2.02E+11,8.5,23
924a5869cff18210c8ff609fd2c88096,4.5,4,8.5,0,0.76,0.9,0.51,4,1,176,12,377,8,8,37,0,25,3,3,2,6,0,2,6,0,7,20,0,65,186,0,26,6,0.77,0,0,0,0.08,283.67,0,232.15,2.02E+11,8.5,6
9179963ace7a3eedae101788081a8247,3,5.3,8.3,0,0.79,0.85,0.67,2,2,94,7,265,11,37,125,0,70,4,2,2,9,0,2,9,0,2,47,0,37,392,0,142,26,0.56,0.12,0.04,0.06,0.2,106.29,51.85,236.41,2.02E+11,8.3,26
fc09c2757b8bd89a870a19eab09d96a3,2.5,5.6,8.1,0,1.36,5.41,0.71,396,31,288,22,1153,0,10,15,0,68,6,0,0,0,0,0,0,0,11,54,3,169,587,107,24,7,0.42,0.25,0.04,0.04,0.25,351.09,27.43,311.06,2.02E+11,8.1,7
7b73084254dfe1f535ff49223cff7206,4,3.8,7.8,0,0.9,1.36,0.66,647,96,620,39,1684,12,33,169,0,150,6,0,2,10,0,2,10,0,57,107,12,350,1158,94,170,22,0.52,0.16,0.02,0.08,0.22,534.67,199.64,398.34,2.02E+11,7.8,22
03f29625016eff9eac728adc2954717d,1.5,6.2,7.7,0,0.94,1.11,0.99,0,0,0,0,0,13,4,75,0,35,3,3,0,13,0,0,13,0,1,32,0,22,120,0,49,18,0.27,0.14,0.18,0.02,0.31,0,0,474.55,2.02E+11,7.7,18
81e7ff1cf5b9fbd8f030d33b4b7d8674,3,4.4,7.4,0,4.9,14.54,0.58,261,59,60,19,478,47,120,236,0,138,21,5,15,32,0,15,32,0,36,112,2,228,728,12,269,25,0.45,0.35,0,0.01,0.19,540.63,90.08,198.75,2.02E+11,7.4,25
b08d48e7cf20824d5c5e1cbb6736b125,1,6.4,7.4,0,0.94,1.39,0.55,351,19,453,49,2520,14,124,364,0,165,14,3,2,12,0,2,12,0,13,78,0,246,818,0,19,2,0.53,0.37,0,0,0.05,210.29,280,236.79,2.02E+11,7.4,2
081657f5cbf98d66e6697627a2b253fb,3.75,3.5,7.25,0,0.67,0.96,0.47,26,5,108,11,498,14,49,175,0,54,1,1,0,14,0,0,14,0,11,33,0,126,434,0,197,10,0.75,0.14,0.05,0.02,0.04,3.27,55.2,212,2.02E+11,7.25,10
4bad2737c0de0cc8e8e58ef64349b22a,3.5,3.6,7.1,0,0.78,0.89,0.67,155,14,327,15,1672,0,2,4,0,90,4,0,0,0,0,0,0,0,2,33,1,78,507,10,16,2,0.5,0.12,0,0,0.38,385.6,0,399.78,2.02E+11,7.1,2
a211c15dd2b18ee6aed20f9e1c4b1958,1.5,5.6,7.1,0,3.3,11.38,0.58,156,12,156,38,839,15,13,50,0,47,3,0,6,9,0,6,9,0,10,69,6,36,397,90,67,14,0.73,0.1,0.04,0.03,0.04,756.42,312,556.56,2.02E+11,7.1,14
5309940cc535cdf35ece7e95efd12418,3.5,1.3,4.8,0,1.56,1.41,0.64,151,13,13,2,83,9,1,30,0,53,7,0,1,8,0,1,8,0,1,31,0,1,235,1,43,8,0.53,0.07,0,0,0.4,1028,0,476.75,2.02E+11,4.8,8
f661da5c1c4f62a9639128e19d521248,2,0.1,2.1,0,0.82,1.25,0.51,50,2,109,24,448,6,15,64,0,20,4,0,3,3,0,3,3,0,6,37,0,29,325,0,102,9,0.58,0.24,0,0,0.19,27,109.33,114.05,2.02E+11,2.1,9
6789e600d8abaf5d52d427355d513fd2,1,1,2,0,0.88,1.36,1.08,63,1,9,3,100,8,10,142,0,10,1,1,0,8,0,0,8,0,2,21,0,12,318,0,106,11,0.48,0.14,0.06,0.15,0.08,46.67,120.36,131.13,2.02E+11,2,11
40a11dc440977746656b1bf7c7172938,0,1.1,1.1,0,0.85,0.9,0.65,232,18,19,0,84,0,1,0,0,76,0,0,0,0,0,0,0,0,3,17,0,26,246,0,9,2,0.67,0,0,0,0.33,0,0,209,2.02E+11,1.1,2
40a11dc440977746656b1bf7c7172938,0,0.5,0.5,0,0.85,0.9,0.65,232,18,19,0,84,0,1,0,0,76,0,0,0,0,0,0,0,0,3,17,0,26,246,0,9,2,0.67,0,0,0,0.33,0,0,209,2.02E+11,0.5,2
f46cec5895645b56786947a06217de0b,9,10,19,1,1.05,1.14,0.94,135,20,50,9,225,43,10,151,2,37,1,1,1,40,2,1,40,2,2,68,7,26,294,7,55,21,0.2,0.24,0.07,0.04,0.44,372.89,19.24,368.26,2.02E+11,19,21
3d112d6508b0d89937b2c0c5d6cb885e,8.5,9.4,17.9,1,3.29,6.02,0.71,549,53,170,15,661,65,121,710,75,177,4,2,9,44,12,9,44,12,37,104,15,314,1245,209,215,33,0.39,0.28,0.03,0.05,0.23,286.13,151.03,288.08,2.02E+11,17.9,33
6a964535de6cb8a8e8a4e478a3c81166,7.75,9.8,17.55,1,2.02,6.19,0.7,438,40,30,2,105,83,66,349,223,193,18,11,3,49,31,3,49,31,3,114,65,82,767,506,262,52,0.48,0.16,0.02,0.06,0.25,380,60.92,473.1,2.02E+11,17.55,52
7929ed3116ec3c84ac1439f42d648359,7.5,10,17.5,1,1.75,1.48,0.85,972,48,1241,109,6279,61,229,918,78,442,13,5,3,55,3,3,55,3,36,195,11,723,2509,300,202,27,0.38,0.22,0.08,0.07,0.2,507.19,91.85,397.11,2.02E+11,17.5,27
7acaf3ef61a639c8a815ee784668df02,8,9.3,17.3,1,4.4,4.91,1.27,27,8,185,10,588,23,7,65,8,39,2,1,5,16,2,5,16,2,14,50,2,88,265,8,51,20,0.33,0.16,0,0.2,0.27,243.2,29.8,388.42,2.02E+11,17.3,20
9ea2e222745d4c2b245fdd60ebb234c7,5.5,10,15.5,1,1.02,1.95,0.89,255,23,367,107,3530,50,75,375,22,151,10,5,8,39,3,8,39,3,57,132,4,221,707,23,70,19,0.6,0.06,0.03,0.13,0.19,721.61,97.89,688.93,2.02E+11,15.5,19
8a5df21fb4c7fc5beb0b75460eaffa20,5,10,15,1,3.09,5.58,0.85,227,32,16,3,131,51,48,83,157,59,1,1,8,16,27,8,16,27,15,44,35,107,145,219,31,19,0.39,0.19,0,0.16,0.26,1212,89.26,524.21,2.02E+11,15,19
8901eb8d73ddc352b4c6d80fd1e952a4,7,7.9,14.9,1,0.9,1.03,0.69,113,8,340,103,3042,21,1,264,1,92,4,2,0,21,0,0,21,0,51,85,0,125,523,1,38,12,0.34,0.34,0.03,0,0.29,184.43,16.33,183.53,2.02E+11,14.9,12
d9ec55996070ce51c29b18dff2f1c380,7.5,7,14.5,1,1.73,8.23,0.81,305,8,388,35,1583,21,106,513,5,124,7,7,5,16,0,5,16,0,16,69,1,181,921,6,49,21,0.35,0.29,0.02,0.06,0.2,788.34,99.81,513.86,2.02E+11,14.5,21
616e909578d6735af9353673a564f273,5.5,8.6,14.1,1,0.85,0.94,0.94,425,70,163,24,1113,34,2,320,6,71,3,0,0,32,2,0,32,2,7,99,26,44,624,72,13,9,0,0.62,0,0.08,0.23,2419.83,0,851.27,2.02E+11,14.1,9
2d072e692708604d3dca8d5b20f843fa,4.75,9.1,13.85,1,2.5,8.22,0.84,249,21,239,16,1209,44,17,458,44,144,6,5,1,40,3,1,40,3,4,99,4,107,811,59,72,25,0.39,0.17,0.04,0.1,0.31,1135.75,158.24,986.24,2.02E+11,13.85,25
a50ea4177bf35a0dbeb6743f2cb5437f,4.5,9.2,13.7,1,2.16,5.06,0.71,215,25,18,3,49,27,10,211,10,78,0,0,2,20,5,2,20,5,7,63,7,53,445,17,65,18,0.35,0.28,0.02,0.03,0.32,61.33,248.67,319.38,2.02E+11,13.7,18
e9f266f01d0e49a16db411d65e2f4e72,4.5,9.1,13.6,1,3.34,4.84,0.89,45,7,131,19,782,30,8,61,29,54,3,2,6,10,14,6,10,14,6,35,46,10,187,200,45,20,0.24,0.16,0,0.07,0.53,261.26,29.6,231.63,2.02E+11,13.6,20
ac3424dacad72424484c8abd7a081374,6,7.3,13.3,1,0.9,1.21,0.76,265,15,336,45,1952,33,29,660,1,76,9,6,0,33,0,0,33,0,8,94,6,128,1092,20,198,26,0.53,0.16,0.02,0.06,0.17,805.69,104.77,482.48,2.02E+11,13.3,26
f48e83dd4c91e50a0990b2c1bd5e1b02,6.75,6.4,13.15,1,1,1.1,0.66,272,8,470,26,1863,7,16,144,5,87,7,0,2,5,0,2,5,0,3,41,3,29,846,219,69,2,0.57,0.1,0,0.07,0.26,243.08,0,337.19,2.02E+11,13.15,2
edeea5169f7dbfc5f2f9873b72c51614,6,7.1,13.1,1,5.08,4.21,0.61,520,57,53,22,511,56,90,710,51,202,10,10,6,42,8,6,42,8,10,126,22,137,1253,136,232,30,0.5,0.29,0.01,0.04,0.13,324.18,310.8,492.99,2.02E+11,13.1,30
eea59b1c28e414c27afd098b3bce650e,4.5,8.5,13,1,1.52,2.59,0.89,515,33,155,19,725,43,225,448,179,210,6,5,15,24,4,15,24,4,29,78,20,324,947,302,109,30,0.42,0.12,0.06,0.12,0.22,664.42,138.53,397.23,2.02E+11,13,30
9539f6db5fa42440719a928aab9947f3,5.5,7,12.5,1,0.85,0.92,0.77,2,0,155,33,957,12,4,48,11,37,1,1,0,8,4,0,8,4,7,34,10,59,177,32,7,2,0,0.57,0,0,0.43,227.03,0,268.94,2.02E+11,12.5,2
5c2e5714b6526a6467dd7737ea501664,4.5,7.1,11.6,1,1.26,2.72,0.7,382,49,105,39,816,83,38,604,261,181,5,3,7,49,27,7,49,27,17,151,48,69,1137,407,330,52,0.58,0.12,0,0.08,0.23,186.46,52.23,211.28,2.02E+11,11.6,52
3931eae4cdc0412af1a5f55122c10d61,2,9.6,11.6,1,1.27,2,1.22,166,36,24,18,218,58,52,240,30,110,6,4,10,40,8,10,40,8,19,116,18,71,516,117,56,20,0.41,0.16,0,0.04,0.39,91.56,47.4,431.92,2.02E+11,11.6,20
1919eb66c99e09c5fa5462b82c0a85dd,4.5,7.1,11.6,1,1.9,2.71,1.05,226,39,632,65,3080,19,21,193,14,127,15,2,1,17,1,1,17,1,31,92,8,250,771,54,25,12,0.32,0.12,0,0.16,0.4,331.51,0,227.69,2.02E+11,11.6,12
3c8ae9ab5e5526114477e99179a8ad12,2.5,9,11.5,1,1.04,1.33,0.88,87,8,325,58,1522,49,1,194,46,95,8,3,0,46,3,0,46,3,4,161,23,39,745,208,255,40,0.49,0.14,0.06,0.12,0.16,68.62,84.5,121.77,2.02E+11,11.5,40
4568e5e0c1ef8b05020f2166c814c475,5,6.3,11.3,1,0.82,0.93,0.88,58,6,52,3,478,17,3,93,1,41,2,0,1,15,1,1,15,1,3,42,2,20,203,26,30,14,0.23,0.33,0,0.1,0.33,834.67,0,166.81,2.02E+11,11.3,14
1e376f963d322d0143758005f37fa0bc,4.5,6.8,11.3,1,1.75,4.49,0.87,1763,95,1409,116,6325,28,85,737,6,403,67,20,2,25,1,2,25,1,47,247,9,912,3223,86,216,46,0.4,0.23,0,0.14,0.22,744.03,184.61,531.13,2.02E+11,11.3,46
e63a86d19edf6ea36fcbb8a450e21959,5,5.9,10.9,1,0.75,0.93,0.51,150,9,397,43,2330,52,113,381,190,182,8,1,6,23,23,6,23,23,11,77,39,158,893,342,106,18,0.68,0.09,0.01,0.01,0.21,187.44,117.33,231.15,2.02E+11,10.9,18
45f6d0e07d7a1bbf04568d728006aae6,3.5,6.9,10.4,1,0.81,0.93,0.66,435,29,544,25,1996,34,49,840,8,252,17,15,1,33,0,1,33,0,4,83,1,113,1562,14,115,7,0.5,0.18,0,0.02,0.25,782.08,82.29,450.36,2.02E+11,10.4,7
a3eeb46e884608c407ee93bd0cdc5ace,6,4,10,1,2.05,1.17,0.73,218,5,356,82,1920,24,28,443,310,152,2,1,0,18,6,0,18,6,16,92,45,120,845,452,240,46,0.51,0.1,0.05,0.03,0.24,317.9,146.7,313.93,2.02E+11,10,46
6cdb3213ac3af7b3ccc5111933cda908,4,4.8,8.8,0,1.72,4.91,0.74,165,9,178,47,1087,12,14,221,12,64,9,3,0,8,4,0,8,4,28,51,5,94,403,17,41,14,0.27,0.37,0,0.02,0.32,257.36,26.57,266.67,2.02E+11,8.8,14
74ae2a87098dab7bc38c2d52e780f5eb,4,3.9,7.9,0,0.72,1.12,0.6,1,0,39,7,123,5,1,77,14,17,0,0,0,3,2,0,3,2,4,16,2,25,174,29,96,10,0.5,0.22,0.03,0.01,0.16,1.71,78,84.55,2.02E+11,7.9,10
1ed9eccb96f7436f259edfc2432eade0,4.5,3.1,7.6,0,0.89,1.03,0.84,513,20,748,21,2399,23,1,688,68,259,9,9,0,18,5,0,18,5,9,60,5,341,1411,121,122,9,0.39,0.25,0,0.11,0.24,1124.19,44,583.24,2.02E+11,7.6,9
e63a86d19edf6ea36fcbb8a450e21959,2.5,4,6.5,0,0.75,0.93,0.51,150,9,397,43,2330,52,113,381,190,182,8,1,6,23,23,6,23,23,11,77,39,158,893,342,106,18,0.68,0.09,0.01,0.01,0.21,187.44,117.33,231.15,2.02E+11,6.5,18
8708d675fffed41b9c7a76deaa4a8370,2.5,4,6.5,0,0.76,0.85,0.54,125,11,67,5,200,26,40,296,33,194,13,9,4,17,5,4,17,5,4,76,37,79,887,348,437,60,0.56,0.06,0,0,0.36,9.6,64.2,91.45,2.02E+11,6.5,60
ee433c321ab0f061cae4fd4283b2c28e,2,4.1,6.1,0,0.68,0.94,0.74,17,4,136,5,653,7,4,47,6,53,4,2,1,5,1,1,5,1,1,28,1,53,317,17,174,12,0.23,0.25,0.01,0.01,0.49,151.2,32,140.53,2.02E+11,6.1,12
3c8ae9ab5e5526114477e99179a8ad12,0.5,4.8,5.3,0,1.04,1.33,0.88,87,8,325,58,1522,49,1,194,46,95,8,3,0,46,3,0,46,3,4,161,23,39,745,208,255,40,0.49,0.14,0.06,0.12,0.16,68.62,84.5,121.77,2.02E+11,5.3,40
0e5ff77b3fd662fe52b007ea274a179b,5.25,0,5.25,0,0.72,0.79,0.55,19,4,0,0,0,18,2,195,40,71,2,2,1,15,2,1,15,2,1,48,3,2,362,55,117,27,0.59,0.21,0.01,0.03,0.14,0,148.59,253.77,2.02E+11,5.25,27
1e376f963d322d0143758005f37fa0bc,1.5,1.7,3.2,0,1.75,4.49,0.87,1763,95,1409,116,6325,28,85,737,6,403,67,20,2,25,1,2,25,1,47,247,9,912,3223,86,216,46,0.4,0.23,0,0.14,0.22,744.03,184.61,531.13,2.02E+11,3.2,46
f48e83dd4c91e50a0990b2c1bd5e1b02,0,2.3,2.3,0,1,1.1,0.66,272,8,470,26,1863,7,16,144,5,87,7,0,2,5,0,2,5,0,3,41,3,29,846,219,69,2,0.57,0.1,0,0.07,0.26,243.08,0,337.19,2.02E+11,2.3,2
74ae2a87098dab7bc38c2d52e780f5eb,0,0,0,0,0.72,1.12,0.6,1,0,39,7,123,5,1,77,14,17,0,0,0,3,2,0,3,2,4,16,2,25,174,29,96,10,0.5,0.22,0.03,0.01,0.16,1.71,78,84.55,2.02E+11,0,10
90bcfbd7e2a5a7231dfa2b4665f7cfc8,10,9.8,19.8,1,1.18,2.21,0.9,97,27,138,18,919,42,0,144,40,55,2,1,0,29,13,0,29,13,0,84,25,0,304,115,42,29,0.33,0.33,0.02,0.14,0.12,68.44,32.14,79.93,2.02E+11,19.8,29
d376168e6f7b7dc1b943a6394111a244,9.5,9.3,18.8,1,3.44,3.76,2.65,119,27,0,0,0,27,0,73,48,25,3,2,0,18,9,0,18,9,5,42,32,7,165,114,49,23,0.06,0.02,0.06,0.35,0.39,0,248.52,883.44,2.02E+11,18.8,23
0a688619ef70e75d29d15a3f08ced484,5,9.8,14.8,1,0.82,0.88,0.82,0,0,130,27,1182,7,0,11,1,45,2,0,0,6,1,0,6,1,2,34,33,3,132,84,61,23,0.21,0.43,0,0.02,0.15,945.63,0,576.7,2.02E+11,14.8,23
82119fdbce12f6a7baa0d0ec28661908,7,7.6,14.6,1,1.42,2.59,0.83,26,10,319,30,1202,2,0,30,13,70,8,0,0,2,0,0,2,0,13,33,2,108,260,56,16,4,0.19,0.19,0,0,0.62,176.67,0,160.08,2.02E+11,14.6,4
5f9f08141f74a4703e797172519de49b,4.5,9.3,13.8,1,0.92,1.08,0.57,70,2,18,4,55,42,0,153,6,23,2,2,0,38,4,0,38,4,1,61,16,34,245,73,93,27,0.61,0.15,0,0.02,0.16,291,34.81,412.36,2.02E+11,13.8,27
0db698855ce7c05517b00dc54cb68790,5.5,4.3,9.8,0,0.86,0.95,0.98,0,0,107,36,985,9,0,18,23,38,5,1,0,7,2,0,7,2,4,39,3,10,119,26,6,1,0,0.33,0,0,0.67,148.11,0,209.3,2.02E+11,9.8,1
d7b3d7f219607351da0d512e42359f13,4,4,8,0,0.91,1.09,0.95,320,17,160,33,778,46,0,551,176,255,20,11,0,26,20,0,26,20,4,73,69,8,1019,543,266,41,0.25,0.3,0.1,0.09,0.25,183.76,241.17,338.49,2.02E+11,8,41
fa9677ef91996c298c991b4e1bd3d4a5,2,2.8,4.8,0,0.8,0.92,0.72,0,0,22,17,278,2,0,0,8,24,8,0,0,0,2,0,0,2,0,15,34,0,46,88,72,25,0.53,0.18,0,0.08,0.21,245.41,195.84,213.47,2.02E+11,4.8,25
900eb5f7587759897c3482b1b8c80042,0,3.5,3.5,0,0.82,1.13,1.02,1,1,149,15,620,16,0,192,75,42,2,1,0,13,3,0,13,3,1,31,6,12,327,100,12,4,0,0,0,0,0.83,84.27,418,134.95,2.02E+11,3.5,4
7f38b1c091a816493ae4945cf6aa0873,0.5,2.4,2.9,0,0.85,1.02,1.16,71,27,63,8,305,5,0,0,26,53,10,0,0,0,5,0,0,5,0,20,26,0,63,160,8,2,0.12,0,0,0,0.25,75.5,0,150.87,2.02E+11,2.9,2
d7b3d7f219607351da0d512e42359f13,0,2.1,2.1,0,0.91,1.09,0.95,320,17,160,33,778,46,0,551,176,255,20,11,0,26,20,0,26,20,4,73,69,8,1019,543,266,41,0.25,0.3,0.1,0.09,0.25,183.76,241.17,338.49,2.02E+11,2.1,41
