student_id,TotalScore,BinaryScore,nb_Subs,nb_CompleteSubs,av_CompleteSubs,nb_PointsAwarded,av_styleLength,av_ErrorLength,av_nmbSuccessTests,av_subLength,av_DiffRatio,nb_MockSubs,av_MockSubs,av_CompletedDiffRatio,nb_CompleteImportance3Subs,av_CompleteImportance3DiffRatio,av_MockDiffratio,nb_MockSuccessTests,nb_JanuaryImportance3SuccessTests,avdiffDeadline.1,nmbrDecemberSubs,nmbrCompleteDecemberSubs,nmbrJanuarySubs,nmbrCompleteJanuarySubs,nmbrSuccessTestsJanuary,nbCompleteOnTimeSubs.1,nmbMorningSubsOnTIme,nmbDaySubsOnTIme,nmbNightSubsOnTIme,nmbrAlmostCheat.1,nmbrCheat.1,nmbrCheatOnTime.1,nmbMorningubsOnTImeCompleted,nmbDaySubsOnTImeCompleted,nmbNightSubsOnTImeCompleted,nmbMorningubsOnTImeCompleted.1,nmbDaySubsOnTImeCompleted.1,nmbNightSubsOnTImeCompleted.1,nbMorningCompleteSubs,nDayCompleteSubs,nbNightCompleteSubs,nbMorningSubs,nmbDaySubs,nmbNightSubs,nmbrOctoberSubs,nmbrCompleteOctoberSubs,avNmbrShort_05,avNmbrQuiteShort_075,avNmbrQuiteLong_15,avNmbrLong_2,avNmbrAroundSol_0.25,avStyleLengthCompltedSubsJanuary,avStyleLengthCompltedSubsOctober,avStyleLength,Avsubtime
b364df2e2ec0a593973273e768817c63,1.6,0,6,2,0.33,328,0,0,4,313.33,1.38,0,0,2.23,0,0,0,0,0,1.38,0,0,0,0,0,0,0,0,0,1,0,0,0,0,0,0,0,0,0,2,0,0,6,0,6,2,0,0,0,0.17,0.83,0,0,0,2.02E+11
e9037025566b9409cf4b40ed5b5cc2d8,4.8,0,65,27,0.42,951,19.88,8.62,6.45,654.77,1.43,0,0,2.46,0,0,0,0,0,1.44,179,8,0,0,0,14,1,366,3,122,2,1,0,13,1,0,13,1,5,51,2,11,597,54,64,26,0.34,0.19,0.02,0.12,0.28,0,0,168.28,2.02E+11
e3462ef73c1f1953f085498c9d6b8ed5,9,1,3,3,1,240,0,0,1,166.67,20.68,0,0,20.68,0,0,0,0,0,20.68,439,49,55,10,375,20,0,359,76,65,1,0,0,16,4,0,16,4,0,59,19,0,691,136,3,3,0.33,0,0,0.67,0,825,0,717.23,2.02E+11
b92b0536c05879423ead1dfbc42b3ccf,4.5,0,363,104,0.29,393,98.19,36.26,5.01,750.3,1.08,1,0,1.88,1,0.97,0.97,16,16,3,495,42,286,118,2433,10,0,313,3,136,29,0,0,10,0,0,10,0,46,142,0,126,1019,3,24,6,0.75,0.04,0,0.08,0.12,339,0,331.55,2.02E+11
be1a277090ca2cf91fdb2776a872a968,2.4,0,139,32,0.23,1228,32.12,21.18,4.54,543.57,1.68,0,0,3.11,0,0,0,0,0,2.27,275,5,47,11,310,9,0,380,10,115,5,0,0,7,2,0,7,2,2,38,6,6,616,58,64,19,0.33,0.09,0.08,0.38,0.12,12,0,244.17,2.02E+11
a9d7388434829139e25b7b795466db39,2.5,0,142,15,0.11,1556,125.32,19.49,4.46,567.01,1.36,1,0.01,3.51,1,0.14,0.14,1,1,1.38,253,7,173,5,1076,23,0,401,143,113,1,1,0,15,8,0,15,8,0,34,11,4,685,256,139,12,0.22,0.29,0.08,0.18,0.19,104,0,173.07,2.02E+11
b32ac453bb99a14403309f1efdfd50f6,1.5,0,32,12,0.38,1403,4.25,4.5,6.69,1249.38,2.15,0,0,4.26,0,0,0,0,0,2.12,0,0,20,6,109,5,0,124,2,49,3,2,0,4,1,0,4,1,0,25,7,0,219,25,31,11,0.1,0.16,0,0.1,0.58,494,0,190.25,2.02E+11
7aa28a84b39d30935c3926e7c816499c,10,1,40,9,0.23,240,101.3,26.8,5.58,714.5,1.41,1,0.03,4.09,0,0,0.1,0,0,0.45,174,6,59,5,184,2,1,210,0,58,4,1,0,2,0,0,2,0,0,21,0,1,382,0,10,4,0.9,0.1,0,0,0,26,0,439.24,2.02E+11
557d624893d0175b6a13d06978ce05b3,6.4,1,72,18,0.25,668,101.33,52.33,3.86,1026.39,0.95,0,0,1.18,0,0,0,0,0,1.15,26,9,21,4,60,6,7,95,0,41,9,5,0,6,0,0,6,0,6,24,0,20,237,0,39,7,0.05,0.36,0.05,0.21,0.28,38,0,132,2.02E+11
4e3fc20dba4fd735f33bfa6e97c52ff1,4.8,0,81,24,0.3,240,42.91,9.28,3.74,849.04,1.96,0,0,2.64,0,0,0,0,0,2.19,2,0,106,34,568,2,0,5,0,17,1,0,0,2,0,0,2,0,16,28,0,27,126,8,2,2,0,0,0,0.5,0.5,182,0,279,2.02E+11
a0ed9388475012981aafb8aaaeb3adec,4.4,0,79,23,0.29,240,298.78,21.37,5.81,866.18,1.42,4,0.05,2.65,0,0,0.93,32,32,5.87,14,2,136,40,988,3,0,125,0,127,11,5,0,3,0,0,3,0,4,52,0,87,450,0,6,2,0,0.17,0,0.17,0.67,348,0,308.86,2.02E+11
67b38c0e76e43e6e96dda633eb92412a,4.8,0,193,136,0.7,1108,37.99,11.79,5.62,2579.88,1.82,11,0.06,2.19,6,1.22,0.71,6,6,1.99,0,0,433,255,3703,0,0,0,0,40,4,0,0,0,0,0,0,0,0,117,147,0,195,278,40,9,0.18,0.42,0,0.22,0.18,218,0,210.58,2.02E+11
51c02893004daced093dd280c6e5b466,4.7,0,95,15,0.16,468,69.22,20.55,3.84,840.42,1.12,0,0,3.04,0,0,0,0,0,5.77,195,6,69,8,227,4,18,162,0,84,4,3,0,4,0,0,4,0,7,25,0,87,385,6,6,3,0.17,0.33,0,0.17,0.33,24,0,94.75,2.02E+11
f24a9ec03468fa40bd16c3c16028d4e1,0.5,0,11,5,0.45,240,11.64,0,2.45,359.27,1.19,0,0,1.88,0,0,0,0,0,1.41,131,14,16,2,128,0,0,56,0,32,1,0,0,0,0,0,0,0,2,24,2,13,237,16,7,3,0,0.29,0,0.14,0.43,546,0,238.71,2.02E+11
569e6991c410793b72ce3f44cbf534c1,2.8,0,100,50,0.5,240,38.04,24.12,6.28,1561.32,2.24,0,0,3.61,0,0,0,0,0,2.98,126,26,50,4,94,3,0,173,0,108,11,4,0,3,0,0,3,0,10,63,1,26,557,4,32,10,0.06,0,0,0.12,0.59,103,0,170.65,2.02E+11
a64c720a1733cced90b1dcb0bfaa4595,0,0,72,30,0.42,66,42.39,6.33,6.49,900.67,1.84,0,0,2.63,0,0,0,0,0,0.83,84,31,67,29,571,0,0,0,0,50,14,0,0,0,0,0,0,0,5,45,10,8,114,32,3,0,0,0,0,0,1,286,0,172.07,2.02E+11
731d73b073df3e4bff70b89fc2f31323,10,1,35,17,0.49,720,161.49,12,5.11,1177.71,1.08,1,0.03,1.32,1,0.14,0.14,1,0,1,190,44,8,5,211,50,0,149,121,64,3,1,0,22,28,0,22,28,0,63,49,0,285,176,64,30,0.08,0.25,0,0.06,0.61,970,463,645.11,2.02E+11
d708902cfdde6b967ad225dd2fa74f34,9.2,1,139,41,0.29,2346,87.08,14.71,3.72,1407.28,0.84,0,0,1.74,0,0,0,0,0,1.03,182,18,90,13,567,50,78,347,15,127,2,0,13,37,0,13,37,0,15,94,0,113,541,15,97,36,0.55,0.22,0,0.08,0.15,282,39,320.51,2.02E+11
bf1eeefa71248ac09aef70f7bc770846,9.7,1,261,76,0.29,3300,109.38,44.93,4.63,2865.12,1.45,29,0.11,2.88,5,0.39,0.58,195,1,1.54,229,44,225,47,1768,28,18,286,24,132,3,1,1,19,8,1,19,8,17,143,21,95,822,90,166,39,0.37,0.2,0.02,0.08,0.32,306,62,272.2,2.02E+11
a1aa5efb27a890341b696f22e57bcf15,7.8,1,97,30,0.31,480,74.72,32.25,4.67,611.42,1.57,0,0,3.11,0,0,0,0,0,3.94,349,48,77,7,582,14,0,272,20,108,9,1,0,14,0,0,14,0,0,60,17,0,553,73,9,5,0.67,0,0,0.11,0.22,193,55,327.38,2.02E+11
c83e71bf5144e9b6e60f5d8605c520e5,10,1,310,89,0.29,1916,88.05,30.79,3.62,2455.65,1.05,52,0.17,1.43,3,0.29,0.43,204,204,1.62,421,27,634,109,3289,9,21,305,5,160,8,1,0,9,0,0,9,0,39,129,0,245,1175,25,47,17,0.32,0.11,0.02,0.09,0.32,393,165,410.33,2.02E+11
83ac5e2447cfb2b3becd5c434e08f108,7.2,1,259,84,0.32,1218,95.26,50.19,4.41,1545.93,1.22,31,0.12,2.14,3,0.25,0.33,166,164,2.28,275,56,284,29,2558,31,0,408,143,153,4,1,0,25,6,0,25,6,6,138,12,85,940,153,37,7,0.54,0.16,0,0.05,0.24,402,35,164.64,2.02E+11
a86e85df2b2213979a8fe2f2991d88d9,6.8,1,195,44,0.23,927,95.61,28.29,6.15,1273.76,0.87,19,0.1,1.54,6,0.95,0.78,145,145,1.33,399,16,471,60,2966,30,139,509,50,185,12,0,2,25,3,2,25,3,38,85,11,308,1084,179,45,12,0.18,0.18,0.02,0.13,0.47,1671,115,1337.94,2.02E+11
fcd13b9868996f0c07f00363a48b2de2,7.1,1,147,32,0.22,1763,40.65,11.59,6.84,522.99,0.98,0,0,1.91,0,0,0,0,0,0.98,66,12,33,7,528,72,0,287,147,121,2,0,0,53,19,0,53,19,2,94,27,8,546,189,147,32,0.33,0.29,0.01,0.05,0.31,940,12,174.73,2.02E+11
a8836d86c27aaa231bac177797d12bc8,6.9,1,238,28,0.12,2646,125.83,42.03,3.82,570.24,0.99,6,0.03,2.14,3,0.14,0.12,3,1,1.02,199,13,39,2,235,19,20,571,24,166,9,2,2,16,1,2,16,1,2,58,3,22,1107,30,229,25,0.39,0.27,0.02,0.07,0.2,10,95,815.37,2.02E+11
09500d3c864a02fbf4c800f5a305259e,6.8,1,91,32,0.35,1386,108.88,21.19,4.68,1838.02,1.65,12,0.13,2.47,5,2.54,1.49,97,97,1.61,301,23,121,25,1226,6,0,40,4,82,4,1,0,4,2,0,4,2,1,73,8,18,536,18,62,23,0.06,0.35,0.13,0.1,0.21,1790,24,1106.68,2.02E+11
ad737f5ea55311035d7dbf4541d9232b,6.6,1,181,35,0.19,3085,150.14,35.29,4.66,1878.3,1.21,5,0.03,2.32,2,0.14,0.13,14,13,1.28,109,6,88,28,702,25,28,267,26,56,5,2,4,21,0,4,21,0,20,65,1,87,494,30,143,26,0.34,0.16,0.08,0.08,0.22,697,129,819.21,2.02E+11
c6348a9ad59de600326b19aed6051c56,7.4,1,292,51,0.17,240,179.04,42.78,4.37,1732.36,0.8,7,0.02,0.96,5,0.32,0.31,5,1,0.4,848,55,240,22,1802,8,20,169,96,183,15,6,0,6,2,0,6,2,33,65,23,349,921,333,7,5,1,0,0,0,0,1293,102,658.45,2.02E+11
ded3953480e33642d98307db672b0c56,4.8,0,64,19,0.3,950,196.94,26.69,3.86,473.63,1.33,6,0.09,2.85,2,0.14,0.11,2,1,1.64,98,7,57,4,500,6,44,334,6,79,4,3,0,5,1,0,5,1,9,24,1,100,549,7,47,13,0.51,0.11,0.09,0.11,0.17,195,76,391.18,2.02E+11
0daf7c04c92e88653ac9cd428834cdc0,3.4,0,104,20,0.19,1310,79.35,10.77,5.04,615.35,0.83,2,0.02,2.4,1,0.39,0.25,1,0,1.39,249,6,143,14,610,15,55,318,18,102,5,2,3,10,2,3,10,2,16,34,2,152,584,25,62,13,0.16,0.23,0.05,0.05,0.47,474,176,402.08,2.02E+11
c0837c0f630d492b78077a8e27ec1f8f,3.6,0,103,29,0.28,1740,80.04,9.55,4.86,1226.95,1.28,7,0.07,2.98,2,0.74,0.71,64,0,1.33,364,4,130,18,987,20,0,435,135,96,5,2,0,8,12,0,8,12,4,49,29,17,746,226,95,27,0.42,0.16,0.01,0.14,0.23,983,99,405.76,2.02E+11
b0d68c3bd3d444c6f3317ceecd170622,3,0,128,27,0.21,1200,157.59,91.03,3.88,643.28,1.4,0,0,2.63,0,0,0,0,0,1.4,83,6,47,5,314,8,12,105,4,44,7,1,0,8,0,0,8,0,3,29,10,34,345,57,79,21,0.23,0.14,0.03,0.06,0.41,76,182,335.33,2.02E+11
c0837c0f630d492b78077a8e27ec1f8f,3.6,0,103,29,0.28,1740,80.04,9.55,4.86,1226.95,1.28,7,0.07,2.98,2,0.74,0.71,64,0,1.33,364,4,130,18,987,20,0,435,135,96,5,2,0,8,12,0,8,12,4,49,29,17,746,226,95,27,0.42,0.16,0.01,0.14,0.23,983,99,405.76,2.02E+11
09500d3c864a02fbf4c800f5a305259e,6.8,1,91,32,0.35,1386,108.88,21.19,4.68,1838.02,1.65,12,0.13,2.47,5,2.54,1.49,97,97,1.61,301,23,121,25,1226,6,0,40,4,82,4,1,0,4,2,0,4,2,1,73,8,18,536,18,62,23,0.06,0.35,0.13,0.1,0.21,1790,24,1106.68,2.02E+11
d87fd4d5c3dd8aae2d586b9c1a033f63,10,1,153,32,0.21,1523,66.3,45.05,5.5,1648.89,0.93,46,0.3,1.79,4,0.27,0.31,296,296,1.06,133,31,261,33,1430,55,6,317,0,94,3,0,1,54,0,1,54,0,2,126,0,62,692,0,121,16,0.18,0.44,0,0.07,0.29,348,45,204.97,2.02E+11
aa51b3406b4fff51e614ae8d20afd5c4,6.3,1,11,5,0.45,240,117.09,39.64,1.18,473.09,4.2,1,0.09,6.58,1,0.33,0.33,1,1,10.38,279,10,76,3,515,7,11,285,0,104,13,2,1,6,0,1,6,0,5,27,0,106,587,0,3,3,0.67,0,0,0.33,0,1488,101,945.13,2.02E+11
b6dfac6091dcdd25280b49c691bd222a,8.6,1,262,62,0.24,2679,98.89,44.63,4.08,1990.24,0.88,23,0.09,1.21,3,0.22,0.25,102,101,0.91,287,27,310,55,1946,11,25,176,0,119,5,0,1,10,0,1,10,0,9,128,0,144,911,0,139,28,0.4,0.21,0.01,0.03,0.35,895,100,625.2,2.02E+11
fdd712806dab629531811ab11a4bd38a,3.9,0,109,22,0.2,1680,125.03,13.25,5.28,1021.5,2.34,0,0,5.79,0,0,0,0,0,2.35,144,16,1,0,0,23,27,530,0,54,5,2,1,22,0,1,22,0,3,54,0,30,805,0,108,22,0.14,0.13,0.06,0.18,0.4,0,156,2691.44,2.02E+11
03d5c1b625858c49e1d85b1cd24ff391,4.8,0,174,36,0.21,1289,111.29,25.72,4.96,722.39,0.97,0,0,2.02,0,0,0,0,0,0.72,25,0,185,39,967,3,7,23,0,69,3,0,1,2,0,1,2,0,2,54,1,20,310,18,108,15,0.47,0.06,0,0.02,0.42,259,9,201.82,2.02E+11
743204d853e215a7a5c4778fd1dc1c6b,6.4,1,53,28,0.53,1440,132.08,19.32,4.26,593.28,0.78,1,0.02,0.98,1,0.14,0.14,1,1,1.12,49,13,9,5,6,7,11,26,0,11,1,0,3,4,0,3,4,0,18,37,0,36,132,0,29,15,0.28,0.38,0,0.14,0.17,8,160,315.2,2.02E+11
db77a291b4546f4e11fcdf2b4246366b,4.6,0,139,42,0.3,1980,67.11,28.98,3.82,1399.42,1.26,24,0.17,1.98,14,1.63,1.26,44,36,1.37,505,21,218,24,901,8,35,238,0,147,9,1,0,8,0,0,8,0,6,80,0,104,951,0,100,23,0.27,0.3,0,0.16,0.23,595,11,484.28,2.02E+11
a706bb348b2a0c23e35ae11e4d68fc17,2.4,0,266,76,0.29,988,90.2,32.78,6.12,817.52,0.99,1,0,1.7,1,0.97,0.97,16,16,0.97,34,0,366,84,1932,5,41,114,0,125,26,0,0,5,0,0,5,0,25,85,9,151,522,33,74,24,0.07,0.39,0,0.07,0.47,220,27,188.3,2.02E+11
82f30b9d4f02403faf47b263748108ba,3.2,0,17,9,0.53,240,215.76,169.18,9.24,680.47,0.72,0,0,0.72,0,0,0,0,0,0.56,207,5,121,7,521,10,11,301,0,104,6,4,2,8,0,2,8,0,9,30,0,89,586,0,10,7,0.1,0.9,0,0,0,775,243,765.54,2.02E+11
2397c3522cdac891621be1ac875cc447,1.8,0,118,32,0.27,1320,58.95,32.14,4.42,600.37,1.09,1,0.01,1.93,1,0.4,0.4,1,1,1.1,5,3,279,46,1779,4,1,73,0,69,6,0,0,4,0,0,4,0,30,42,0,122,333,0,76,18,0.21,0.51,0,0.03,0.24,625,15,425.44,2.02E+11
e0d83d5987d201b43976ef5f09d3dc3d,2.8,0,128,31,0.24,1320,231.69,41.5,5.48,810,1.41,0,0,1.99,0,0,0,0,0,1.83,365,19,254,24,1587,5,47,246,0,133,6,1,0,5,0,0,5,0,9,57,2,131,705,47,19,11,0.05,0.32,0,0.42,0.16,364,89,460.29,2.02E+11
4f69381c9354fe51ea8fb8d275b8b046,0,0,138,25,0.18,1130,134,36,4.76,637.54,1.23,2,0.01,3.65,1,0.14,0.12,1,1,1.43,212,10,150,6,364,9,16,309,0,89,4,0,0,9,0,0,9,0,6,34,0,56,671,6,84,13,0.2,0.37,0.05,0.04,0.35,32,45,166.6,2.02E+11
5f9899cadae1784f319a84575822c3b1,9.7,1,132,32,0.24,2280,43.97,9.88,5.03,700.12,0.98,1,0.01,1.8,1,0.14,0.14,1,1,1.11,73,8,213,21,1389,9,0,168,0,33,0,0,0,9,0,0,9,0,13,64,2,88,551,11,115,30,0.37,0.2,0.13,0.03,0.17,3112,53,1041.22,2.02E+11
2f900d26b8fc529876313e901530f152,7.4,1,262,63,0.24,683,86.64,32.14,4.21,816.92,1.21,8,0.03,1.9,2,0.75,0.48,33,33,0.99,54,5,562,69,2229,4,0,48,0,114,7,0,0,4,0,0,4,0,19,95,2,71,750,33,122,23,0.43,0.28,0.01,0.11,0.14,479,91,448.41,2.02E+11
cc65896f2f0bf17dfeb5dba159c46bf5,7.4,1,40,11,0.28,600,34.7,10.8,8.18,695,1.01,0,0,0.97,0,0,0,0,0,0.68,20,11,87,5,518,4,0,8,0,24,2,0,0,4,0,0,4,0,2,35,9,16,172,50,14,6,0.07,0.86,0.07,0,0,130,71,158,2.02E+11
9f2ab1b4ddeb13cca7f0799d50198409,8.2,1,80,29,0.36,600,183.3,39.8,3.25,3628.95,0.93,12,0.15,1.58,12,0.47,0.47,12,12,3.93,182,15,290,29,1530,9,0,212,0,86,2,0,0,9,0,0,9,0,0,50,15,0,466,190,9,8,0.67,0,0,0.11,0.11,298,16,303.94,2.02E+11
db3a8fff6c6356dd670b63e69437b42e,4.4,0,239,43,0.18,579,234.31,56.42,5.42,919.77,1.05,0,0,1.73,0,0,0,0,0,0.95,0,0,840,64,3346,0,0,0,0,158,3,0,0,0,0,0,0,0,0,55,14,0,725,168,53,5,0.11,0,0,0.02,0.87,336,111,319.59,2.02E+11
d90effd88287ebdb22ed68e60b64e048,7.8,1,116,28,0.24,480,128.93,19.55,4.89,942.07,1.19,0,0,3.27,0,0,0,0,0,2.13,171,2,189,29,820,5,0,165,0,82,5,5,0,5,0,0,5,0,2,48,0,44,492,0,18,7,0.61,0.33,0,0.06,0,137,135,169.68,2.02E+11
795cf77eb62b95ef2d148043a088b0f3,7,1,94,32,0.34,1010,21.28,18.13,5.69,772.51,1.24,2,0.02,2.17,1,0.58,0.63,12,12,1.17,32,14,13,4,67,5,0,121,0,41,2,0,0,5,0,0,5,0,12,31,0,25,237,0,60,15,0.28,0.45,0,0.02,0.15,2658,18,336.84,2.02E+11
3be4c84b8900b19744af22632a15bdd1,5.4,1,16,6,0.38,600,155.25,71.25,2.94,318,1.23,1,0.06,1.25,1,0.31,0.31,1,1,1.29,27,2,2,2,9,5,0,47,0,24,1,0,0,5,0,0,5,0,0,19,0,0,137,0,15,5,0,0.13,0,0.13,0.73,10,170,423.58,2.02E+11
aa697914859b16ee577b6d04269560ec,3.7,0,60,11,0.18,600,140.4,67.87,2.93,646.53,1.53,0,0,6.12,0,0,0,0,0,1.54,2,0,0,0,0,15,0,150,0,36,1,1,0,15,0,0,15,0,0,26,1,0,238,1,56,11,0.68,0.25,0,0.04,0.04,0,129,412,2.02E+11
726b7a2d27d7cf498094124df70d2338,5.6,1,273,67,0.25,770,82.24,28.88,6.03,941.95,0.8,43,0.16,1.25,24,0.77,0.59,185,185,0.95,262,35,491,113,2711,25,0,306,0,157,26,2,0,25,0,0,25,0,45,173,4,204,1016,45,178,25,0.31,0.25,0,0.09,0.34,102,11,168.79,2.02E+11
7716025badb98c78d5fc40467b228c9b,5.1,1,246,114,0.46,2423,71.98,31.48,4.34,1321.93,1.17,15,0.06,1.71,9,0.68,0.57,54,51,1.15,342,89,218,50,1756,19,0,316,0,134,12,2,0,19,0,0,19,0,29,188,0,137,892,0,91,38,0.48,0.22,0.02,0.08,0.16,697,11,359.32,2.02E+11
6da8a54723c1ed53525116e45e35a727,6,1,7,3,0.43,120,37.71,40,1,264,14.75,0,0,33,0,0,0,0,0,33,11,1,2,0,2,6,0,84,0,27,4,2,0,6,0,0,6,0,0,15,0,2,198,0,3,3,0,0,0,1,0,0,88,283.2,2.02E+11
a5aac26648196da0e8cbee9c805ef528,4.7,0,179,34,0.19,2400,106.59,32.42,3.4,1208.78,0.95,16,0.09,2.09,1,0.31,0.27,17,17,1.22,154,8,362,25,1241,6,0,181,0,124,10,0,0,6,0,0,6,0,13,50,1,270,539,2,91,24,0.52,0.13,0,0.15,0.18,576,65,326.13,2.02E+11
d8e25bf159951bd2deb2f13180808d9e,3.25,0,291,74,0.25,420,136.96,38.65,3.57,791.66,0.89,2,0.01,1.5,1,0.16,0.13,1,0,1.01,348,44,395,55,2212,5,0,195,0,120,8,1,0,5,0,0,5,0,6,117,7,69,953,105,54,10,0.19,0.35,0.09,0.06,0.17,525,226,355.29,2.02E+11
4c52cb4b389af0960f478140229e0244,3.7,0,66,21,0.32,507,54.97,9.21,3.85,615.33,1.7,0,0,3,0,0,0,0,0,0.95,47,0,29,17,111,3,0,149,0,55,9,0,0,3,0,0,3,0,2,24,3,2,315,5,37,4,0,0.38,0,0.03,0.59,8,66,43.45,2.02E+11
09f41f27c891e95e2f70a89266040b8e,4,0,80,18,0.23,825,70.35,8.85,5.58,538.9,1.29,0,0,2.91,0,0,0,0,0,0.57,40,10,108,8,479,0,0,24,0,23,4,0,0,0,0,0,0,0,4,24,0,54,193,5,29,6,0.45,0.28,0,0,0.28,50,66,80.14,2.02E+11
05913c335ff55ca3cf7d163e0d733ee3,0.6,0,67,26,0.39,840,172,8.72,3.96,579.22,1.81,0,0,2.47,0,0,0,0,0,2.87,233,52,50,10,259,0,0,0,0,38,0,0,0,0,0,0,0,0,9,61,0,81,217,0,15,8,0,0,0.13,0.6,0.2,31,71,178.46,2.02E+11
66d6e7248bac3a745db922c987f51e31,6.6,1,91,19,0.21,120,60.13,27.47,6.74,712.04,1.2,1,0.01,1.63,1,0.14,0.14,1,1,0.44,181,22,119,23,783,2,0,59,0,73,10,0,0,2,0,0,2,0,9,40,0,66,334,0,1,1,1,0,0,0,0,143,284,267.76,2.02E+11
b7978f4543f443b87bab5e9c4014f12e,6.2,1,327,85,0.26,933,108.05,30.73,5.57,767.06,1.2,0,0,1.44,0,0,0,0,0,0.86,327,52,239,68,1310,4,0,144,0,128,6,1,0,4,0,0,4,0,52,83,0,258,506,0,42,7,0.1,0.4,0.02,0.02,0.45,199,18,155.91,2.02E+11
cb066df03597ffe862fb917429c5e241,3.1,0,111,41,0.37,373,66.52,41.33,4.94,1870.2,1.43,6,0.05,2.59,5,0.36,0.32,5,5,0.78,282,49,89,9,636,25,0,303,0,176,37,13,0,25,0,0,25,0,0,137,0,0,709,0,99,15,0.17,0.46,0.02,0.02,0.24,104,18,237.87,2.02E+11
263bb00b9ef59bb5c0c4514f3e2e6296,3.2,0,76,23,0.3,1080,98.58,61.05,4.86,759.26,1.27,1,0.01,2.77,1,0.18,0.18,1,0,0.7,0,0,125,31,619,5,0,49,0,48,8,0,0,5,0,0,5,0,26,29,0,73,207,0,66,13,0.14,0.67,0,0.02,0.12,534,20,356.51,2.02E+11
4bd1135791ab4afe4d9f3215ea1705f8,3,0,25,19,0.76,890,28.16,22.88,6.28,586.56,4.66,0,0,6,0,0,0,0,0,3.76,3,3,0,0,0,12,0,44,0,18,3,1,0,12,0,0,12,0,2,33,0,3,81,0,20,15,0.6,0,0,0.1,0.3,0,20,245.26,2.02E+11
726b7a2d27d7cf498094124df70d2338,5.6,1,273,67,0.25,770,82.24,28.88,6.03,941.95,0.8,43,0.16,1.25,24,0.77,0.59,185,185,0.95,262,35,491,113,2711,25,0,306,0,157,26,2,0,25,0,0,25,0,45,173,4,204,1016,45,178,25,0.31,0.25,0,0.09,0.34,102,11,168.79,2.02E+11
cb066df03597ffe862fb917429c5e241,3.1,0,111,41,0.37,373,66.52,41.33,4.94,1870.2,1.43,6,0.05,2.59,5,0.36,0.32,5,5,0.78,282,49,89,9,636,25,0,303,0,176,37,13,0,25,0,0,25,0,0,137,0,0,709,0,99,15,0.17,0.46,0.02,0.02,0.24,104,18,237.87,2.02E+11
d53e56e38ef9333345da6eaeec255bfe,1.2,0,28,6,0.21,240,46,5.14,8.5,697.71,0.95,0,0,0.79,0,0,0,0,0,0.88,0,0,71,7,231,1,0,3,0,22,2,0,0,1,0,0,1,0,0,30,0,0,158,0,6,2,0.17,0,0,0,0.83,122,64,352.27,2.02E+11
8d5f1f070d7cae438b4fc23cf2f59eac,0.2,0,15,7,0.47,841,84.53,0,7,551.2,2.9,0,0,5.44,0,0,0,0,0,0.9,57,2,0,0,0,5,0,89,0,26,2,0,0,5,0,0,5,0,1,16,0,14,154,7,14,6,0.14,0.43,0,0.07,0.36,0,142,399.76,2.02E+11
cd3f31c00b35b19fefd635f1a2b89be6,3.25,0,18,3,0.17,253,11.78,1.78,4.89,597.56,0.7,1,0.06,0.57,0,0,0.23,6,0,0.33,78,0,25,2,45,4,0,18,0,7,2,1,0,4,0,0,4,0,0,8,0,0,145,0,6,1,1,0,0,0,0,0,0,263.5,2.02E+11
0b63670d2fbfa7fc90ca27884faa660b,4,0,48,4,0.08,269,41.5,45,3.56,1004.42,0.56,18,0.38,0.79,1,0.41,0.39,77,65,0.37,122,8,38,1,305,0,0,2,0,15,2,0,0,0,0,0,0,0,1,9,0,31,139,0,8,1,0.88,0.12,0,0,0,0,0,323.2,2.02E+11
cd637744f199213fb62205f9d4b02076,3.5,0,150,22,0.15,748,161.52,65.01,3.37,848.85,0.61,7,0.05,0.85,0,0,0.26,16,16,0.57,175,20,15,0,32,0,0,0,0,39,6,0,0,0,0,0,0,0,1,31,0,15,268,0,87,10,0.57,0.25,0,0.05,0.13,0,0,91.5,2.02E+11
ca6ae3e3002f2daddc942c0609e48f9f,3,0,115,12,0.1,315,85.88,12.17,3.27,458.71,0.88,1,0.01,1.17,0,0,0.05,5,0,0.68,0,0,1,0,5,0,0,0,0,7,5,0,0,0,0,0,0,0,0,12,0,9,106,0,92,12,0.6,0.14,0,0.1,0.14,0,0,0,2.02E+11
f7fb5ccaba6359e7c56a0e10e49afd12,6.5,1,137,19,0.14,1326,325.34,333.49,7.07,2200.64,0.88,62,0.45,0.97,0,0,0.74,688,0,0.79,289,15,49,8,152,14,0,125,131,169,0,0,0,5,9,0,5,9,0,30,50,0,376,559,74,12,0.41,0.05,0.01,0.04,0.36,198,0,540.45,2.02E+11
f48e83dd4c91e50a0990b2c1bd5e1b02,0,0,244,19,0.08,216,148.08,41.08,3.04,1068.9,0.58,26,0.11,0.84,2,0.14,0.69,157,157,0.66,272,8,470,26,1863,7,16,144,5,87,7,0,2,5,0,2,5,0,3,41,3,29,846,219,69,2,0.57,0.1,0,0.07,0.26,243,0,337.19,2.02E+11
75115b399a9102a633dc85e69770b3be,6.25,1,234,44,0.19,100,178.68,40.12,5.9,4415.26,1.1,72,0.31,1.14,16,1.42,1.4,911,911,1.53,57,11,502,60,3617,17,32,60,6,55,3,0,6,10,1,6,10,1,30,75,5,213,537,31,39,5,0.08,0.21,0.33,0.28,0.08,5463,0,3898.84,2.02E+11
9539f6db5fa42440719a928aab9947f3,5.5,1,94,22,0.23,114,76.13,48.6,4.09,1149.91,0.62,28,0.3,0.68,5,0.25,0.52,165,153,0.77,2,0,155,33,957,12,4,48,11,37,1,1,0,8,4,0,8,4,7,34,10,59,177,32,7,2,0,0.57,0,0,0.43,227,0,268.94,2.02E+11
b17d998e6aa8b0ea2b56fe6e2bdf12b7,7,1,104,16,0.15,170,122.46,34.62,3.03,1200.69,0.48,1,0.01,0.9,0,0,1.13,6,6,0.39,161,22,89,3,387,44,252,160,45,176,8,8,13,30,1,13,30,1,13,53,16,252,299,251,30,2,0.9,0.1,0,0,0,1240,0,545.22,2.02E+11
ff54eac4ed58315522318d64e4a27a48,3,0,31,11,0.35,120,191.48,28.65,3.35,710.19,0.87,2,0.06,1.03,0,0,0.29,6,6,0.56,6,4,66,13,351,0,0,0,1,8,1,0,0,0,0,0,0,0,3,25,3,6,68,19,1,1,0,1,0,0,0,228,0,325.81,2.02E+11
49f937d25b3b088e99fbd75499d9d55b,4,0,462,21,0.05,170,153.13,101.5,3.31,1457.55,0.6,196,0.42,0.84,2,0.14,0.45,767,581,0.4,602,38,362,7,1550,16,20,355,36,251,14,6,0,13,3,0,13,3,22,47,3,353,1227,36,24,1,1,0,0,0,0,82,0,333.39,2.02E+11
0f67c00699dd56b72388f9b7096c9273,3,0,24,3,0.13,164,249.17,34.17,2.71,2235,0.7,10,0.42,0.69,1,0.14,0.53,39,1,0.59,241,4,220,4,264,4,0,147,38,56,2,1,0,4,0,0,4,0,5,15,0,99,545,49,12,0,0.42,0.42,0,0,0.17,2131,0,1054.2,2.02E+11
2e44816bce3457a098c46886c3d5f73e,4,0,323,42,0.13,624,153.03,71.63,3.08,1339.58,0.63,76,0.24,1.26,0,0,0.47,286,208,0.71,309,21,271,15,1663,14,1,195,55,69,3,2,0,10,4,0,10,4,0,78,5,42,795,129,114,25,0.63,0.16,0,0.1,0.06,337,0,152.48,2.02E+11
f48e83dd4c91e50a0990b2c1bd5e1b02,0,0,244,19,0.08,216,148.08,41.08,3.04,1068.9,0.58,26,0.11,0.84,2,0.14,0.69,157,157,0.66,272,8,470,26,1863,7,16,144,5,87,7,0,2,5,0,2,5,0,3,41,3,29,846,219,69,2,0.57,0.1,0,0.07,0.26,243,0,337.19,2.02E+11
4fd42877fcb7aee12967dcb8f9532944,8.5,1,70,10,0.14,540,172.4,174.74,4.63,2010.63,0.41,31,0.44,0.66,7,0.76,0.49,217,150,1.03,87,0,206,19,1359,1,0,3,0,33,0,0,0,1,0,0,1,0,6,13,2,107,184,7,4,2,0.25,0,0,0,0.25,536,0,485.14,2.02E+11
cd49b1ba2cda6d3c2ed2985165c3b899,8,1,211,29,0.14,486,166.31,91.01,4.28,1990.48,0.66,36,0.17,0.82,9,0.89,0.64,400,341,0.17,464,44,219,34,1954,2,36,12,0,139,6,0,1,1,0,1,1,0,18,86,0,255,700,0,4,1,1,0,0,0,0,585,0,741.27,2.02E+11
bc94e0142fae95d399b085a43b686789,6.75,1,180,36,0.2,120,178.13,70.87,2.78,1274.78,0.76,17,0.09,0.92,5,1.15,0.6,31,1,0.47,367,22,262,47,1765,4,46,208,0,97,3,0,1,3,0,1,3,0,22,56,0,177,751,0,8,1,0.62,0.38,0,0,0,412,0,437.18,2.02E+11
9b2a203f1a5eb3a4a8160145141e781e,8.75,1,26,4,0.15,66,152.31,14.62,2.04,317.08,0.91,0,0,0.94,0,0,0,0,0,0.25,100,14,131,1,153,0,0,0,0,48,4,0,0,0,0,0,0,0,3,16,0,18,239,0,2,0,1,0,0,0,0,872,0,1488.84,2.02E+11
9bed6a8feec9751871b4be9c22b3a159,8,1,14,5,0.36,66,95.71,58,2.93,4026.86,0.5,7,0.5,0.69,3,0.53,0.36,24,22,0.8,53,12,42,4,161,19,3,75,0,11,0,0,0,19,0,0,19,0,4,34,0,34,138,0,1,0,0,0,0,0,1,2071,0,588.74,2.02E+11
8d85b6803e45303bcf821dea90b3a031,4,0,156,36,0.23,960,88.21,71.74,4.26,995.15,0.59,24,0.15,1.04,4,0.78,0.48,227,227,0.71,0,0,456,74,2983,0,0,0,0,99,2,0,0,0,0,0,0,0,6,71,16,34,379,124,81,19,0.31,0.48,0.02,0.06,0.12,451,0,359.01,2.02E+11
9877c49ce9fe65ec2132d18ba38c6d8d,9,1,196,40,0.2,373,222.27,55.73,3.12,2105.51,0.72,13,0.07,0.87,0,0,0.34,69,29,0.38,233,34,71,27,422,11,0,90,0,80,7,1,0,11,0,0,11,0,0,70,9,0,404,63,44,3,0.61,0.36,0,0,0.02,660,0,577.47,2.02E+11
362b41bc9fe47c9a90c3a3af90eb796c,6.5,1,21,2,0.1,83,164.19,170.48,2.33,1279.24,0.74,4,0.19,1.3,1,0.14,0.58,1,1,0.64,22,3,118,7,740,3,0,10,0,17,0,0,0,3,0,0,3,0,0,15,1,2,167,1,9,0,0.33,0.33,0,0,0.33,4550,0,2849.25,2.02E+11
0ef10f55e2de7b6b2c7a9bbceca1b52e,7,1,229,31,0.14,120,214.06,153.38,3.68,2250.48,0.61,92,0.4,0.78,18,0.79,0.74,451,142,0.5,981,65,218,28,1000,14,55,111,0,271,12,0,1,13,0,1,13,0,54,60,0,541,1053,0,7,2,0.14,0.86,0,0,0,705,0,738.18,2.02E+11
9059cac8ef91d4185a32df283f1861df,5,1,22,5,0.23,203,71.64,58.55,1.73,717.27,0.48,4,0.18,0.55,4,0.41,0.41,4,4,0.49,20,0,116,4,173,4,0,38,0,11,0,0,0,4,0,0,4,0,3,7,0,55,128,3,6,0,0.67,0.33,0,0,0,230,0,245.6,2.02E+11
165793ae4a9ad47cd4cc079fec75b8f1,8,1,129,18,0.14,100,163.75,146.2,5.72,2394.02,0.68,69,0.53,0.83,4,0.69,0.69,530,117,0.81,308,21,207,7,644,20,19,229,0,112,2,1,0,20,0,0,20,0,8,49,0,209,577,0,1,0,0,0,0,0,1,799,0,312.84,2.02E+11
54a1b5af63977d858d818a5141547485,6.25,1,134,15,0.11,83,230.66,162.24,2.66,1640.24,0.6,53,0.4,0.89,3,0.69,0.46,227,154,0.69,118,15,233,17,892,0,0,18,0,55,6,0,0,0,0,0,0,0,16,18,1,147,224,25,45,3,0.49,0.13,0,0,0.2,164,0,144.11,2.02E+11
2f840e664922cd5532a517b4ddc49f0d,3,0,283,28,0.1,120,301.8,105.95,2.96,3235.22,0.74,81,0.29,0.92,7,0.54,0.65,403,403,1.25,246,4,886,62,3851,0,0,0,0,159,11,0,0,0,0,0,0,0,4,29,34,98,626,417,9,1,0,0,0.11,0,0.67,340,0,363.22,2.02E+11
1b3389c4ef5d90bedb2a23843041ed68,4.75,0,114,30,0.26,837,152.39,64.18,4.49,1896.81,1.27,26,0.23,1.05,2,0.98,0.55,189,138,1.9,186,22,113,12,1077,15,46,56,0,56,1,0,2,13,0,2,13,0,15,44,21,154,223,153,31,9,0.26,0.16,0.03,0.42,0.13,724,0,246.85,2.02E+11
9d60b4d7a0c03e9d105a2b08900c27ed,5,1,37,3,0.08,100,25.51,27.03,5.08,2701.3,0.56,29,0.78,0.56,2,0.64,0.58,164,120,0.23,163,19,59,4,336,3,20,71,0,33,2,2,0,3,0,0,3,0,8,19,0,65,238,0,5,0,1,0,0,0,0,30,0,641.19,2.02E+11
a63e809e45b10d9b448eb0e42ef1dc30,5,1,42,2,0.05,111,120,109.14,3.67,1051.33,0.38,13,0.31,1.69,0,0,0.31,69,59,0.23,100,2,115,3,533,2,0,26,0,34,0,0,0,2,0,0,2,0,2,8,0,95,187,0,3,0,1,0,0,0,0,1809,0,749.6,2.02E+11
852e96e1c38699fa8cbba0a2efb70f2d,7,1,48,11,0.23,199,45.75,14.58,3.19,345.17,0.74,2,0.04,1.29,0,0,0.23,11,11,0.27,38,2,49,7,266,6,0,26,0,17,0,0,0,6,0,0,6,0,0,27,1,0,161,6,3,0,1,0,0,0,0,108,0,153.71,2.02E+11
4bad2737c0de0cc8e8e58ef64349b22a,3.5,0,115,13,0.11,286,141.7,110.89,4.23,2283.23,0.53,52,0.45,0.71,4,0.36,0.56,337,307,0.67,155,14,327,15,1672,0,2,4,0,90,4,0,0,0,0,0,0,0,2,33,1,78,507,10,16,2,0.5,0.12,0,0,0.38,386,0,399.78,2.02E+11
9da6695ac660014a49e424f50c51b6b5,5,1,70,8,0.11,50,104.29,100.57,2.84,1662.91,0.55,38,0.54,0.68,2,0.14,0.47,111,46,0.27,569,36,55,6,133,0,0,0,0,118,6,0,0,0,0,0,0,0,23,19,0,225,402,0,3,0,1,0,0,0,0,35,0,945.43,2.02E+11
2d8c37a5003f4ed6209e0381992f43e7,4.5,0,139,10,0.07,390,122.36,49.15,3.19,1233.5,0.51,37,0.27,0.64,0,0,0.27,121,86,0.36,343,14,280,2,1094,5,0,149,0,156,15,5,0,5,0,0,5,0,2,32,7,27,853,226,34,4,0.88,0,0,0,0.12,12,0,755.22,2.02E+11
c83a511876f24e048162de7e90c30ddb,3,0,35,9,0.26,120,55.66,18.17,3.6,509.94,0.96,1,0.03,0.94,1,1,1,1,1,0.48,0,0,50,10,205,0,0,0,0,8,2,0,0,0,0,0,0,0,2,9,0,8,44,0,2,1,1,0,0,0,0,188,0,171.27,2.02E+11
589158ddb501e841a6ae3e105d3a60d3,2.25,0,142,19,0.13,663,116.56,74.2,3.44,1133.86,0.71,29,0.2,0.91,2,0.71,0.52,115,0,0.69,308,32,2,1,27,0,0,14,0,36,4,0,0,0,0,0,0,0,20,27,0,179,238,0,61,7,0.51,0.21,0,0.07,0.21,156,0,387.49,2.02E+11
3ac71773a93aa5ce134297073f65e65c,3,0,62,15,0.24,356,81.03,35.81,3.63,374.65,0.8,0,0,1.22,0,0,0,0,0,0.8,0,0,9,5,24,6,0,72,0,7,0,0,0,6,0,0,6,0,0,21,0,0,134,0,53,10,0.43,0.15,0.08,0.04,0.26,122,0,214.48,2.02E+11
2f840e664922cd5532a517b4ddc49f0d,3,0,283,28,0.1,120,301.8,105.95,2.96,3235.22,0.74,81,0.29,0.92,7,0.54,0.65,403,403,1.25,246,4,886,62,3851,0,0,0,0,159,11,0,0,0,0,0,0,0,4,29,34,98,626,417,9,1,0,0,0.11,0,0.67,340,0,363.22,2.02E+11
c255d5ab87f0d4fc12f3c725df81195b,5,1,66,11,0.17,360,75.15,55.45,2.32,968.36,0.73,0,0,1.15,0,0,0,0,0,0.33,0,0,188,24,966,0,0,0,0,53,6,0,0,0,0,0,0,0,0,29,2,0,225,6,32,3,0.88,0.09,0,0,0.03,256,0,198.19,2.02E+11
8d85b6803e45303bcf821dea90b3a031,4,0,156,36,0.23,960,88.21,71.74,4.26,995.15,0.59,24,0.15,1.04,4,0.78,0.48,227,227,0.71,0,0,456,74,2983,0,0,0,0,99,2,0,0,0,0,0,0,0,6,71,16,34,379,124,81,19,0.31,0.48,0.02,0.06,0.12,451,0,359.01,2.02E+11
4bad2737c0de0cc8e8e58ef64349b22a,3.5,0,115,13,0.11,286,141.7,110.89,4.23,2283.23,0.53,52,0.45,0.71,4,0.36,0.56,337,307,0.67,155,14,327,15,1672,0,2,4,0,90,4,0,0,0,0,0,0,0,2,33,1,78,507,10,16,2,0.5,0.12,0,0,0.38,386,0,399.78,2.02E+11
bb33d46997db3c72f076c7017f82d29a,3.5,0,352,60,0.17,360,132.56,78.73,2.92,1122.34,0.6,69,0.2,1.37,4,0.63,0.37,317,168,0.62,262,33,429,19,1436,0,0,0,0,118,26,0,0,0,0,0,0,0,30,67,0,376,601,1,20,4,0.65,0.05,0,0.05,0.25,111,0,281.81,2.02E+11
ff095c82df21830b08192452e24e067d,4,0,194,25,0.13,265,88.72,55.84,3.38,917.18,0.65,24,0.12,0.8,0,0,0.39,141,141,0.53,402,26,235,18,1563,0,0,0,0,154,21,0,0,0,0,0,0,0,4,55,2,45,772,3,42,3,0.48,0.38,0,0,0.14,552,0,321.77,2.02E+11
68d3998b8e5a4e3feb881dd104f18913,2,0,247,28,0.11,406,144.47,87.37,3.59,1091.13,0.52,38,0.15,0.85,3,1.14,0.49,273,273,0.32,273,17,627,32,2458,15,26,266,0,230,7,4,1,14,0,1,14,0,3,70,0,153,1277,0,74,2,0.84,0.16,0,0,0,279,0,307.29,2.02E+11
1cb47fd06d680f02cde12fa919681ac2,5.5,1,56,12,0.21,83,255.79,76.29,2.77,944.71,0.63,3,0.05,0.86,0,0,0.26,15,0,0.26,0,0,248,47,1444,0,0,3,0,78,8,0,0,0,0,0,0,0,14,27,6,75,150,26,3,0,1,0,0,0,0,241,0,240.85,2.02E+11
b252a94dd5c51487dcfde2482770f0a4,0.5,0,112,16,0.14,120,213.39,36.32,3.61,647.21,0.87,0,0,0.97,0,0,0,0,0,0.46,0,0,225,21,794,6,0,14,0,32,8,0,0,6,0,0,6,0,0,25,3,0,275,40,7,1,0.71,0.29,0,0,0,128,0,174.29,2.02E+11
e7c7d247c6b9c1ba32cdc279c5ed3aa7,9.5,1,96,27,0.28,1573,130.71,98.33,4.98,3166.75,0.86,55,0.57,1.15,10,0.62,0.76,330,116,1.45,58,9,257,42,2321,14,0,53,23,53,2,2,0,12,2,0,12,2,9,64,15,16,328,92,24,15,0.08,0.33,0,0.29,0.08,607,36,363.73,2.02E+11
c61aa89c6acf0f0f03a807c9c360de1d,8.75,1,149,30,0.2,1529,94.98,83.68,5.77,3436.35,0.82,62,0.42,1.14,11,1.44,0.97,537,316,0.69,84,10,93,21,723,27,0,155,32,64,5,1,0,21,6,0,21,6,4,74,15,25,399,69,86,19,0.33,0.28,0.02,0.01,0.35,996,30,613.42,2.02E+11
af7831fc58d3d823584f6e71a4620e00,7.75,1,87,16,0.18,1296,156.83,147.26,5.78,2828.69,0.6,56,0.64,0.72,5,0.4,0.64,387,29,0.8,164,6,100,7,439,9,0,186,6,126,4,0,0,9,0,0,9,0,10,51,0,20,800,6,37,10,0.32,0.03,0,0.03,0.62,519,19,173.7,2.02E+11
e38e1c7952ce1bf8c772d96ca5e7c364,7.5,1,120,29,0.24,1364,40.87,20.83,3.72,935.57,0.83,7,0.06,0.94,1,0.81,0.66,33,9,0.85,349,38,143,17,920,29,73,479,38,239,14,6,2,20,7,2,20,7,12,101,13,171,1013,117,127,26,0.24,0.06,0.03,0.01,0.62,604,70,674.89,2.02E+11
e8ee05ab939ba54b3145d98b8cc9ca10,9,1,50,11,0.22,100,174.4,87.84,3.72,981.12,0.61,17,0.34,1.15,0,0,0.37,78,6,0.65,40,3,7,1,23,0,0,17,5,26,3,0,0,0,0,0,0,0,0,19,11,0,141,53,43,10,0.49,0.26,0,0.02,0.19,0,169,410.4,2.02E+11
584ae28eda2369cd254fe3205f6300c3,7.25,1,254,42,0.17,353,164.41,100.46,4.66,2769.81,0.62,105,0.41,0.67,7,0.52,0.77,736,161,0.6,0,0,816,75,4138,0,0,47,6,136,18,0,0,0,0,0,0,0,0,72,21,71,594,306,68,14,0.5,0.26,0,0.01,0.19,535,94,457.59,2.02E+11
f5f9f366fb533b8cd5f7f4f4284bf33b,7,1,65,19,0.29,1620,45.54,24.25,4.86,1983.2,0.71,13,0.2,0.91,2,1.13,0.69,126,2,0.6,38,2,177,4,587,2,4,7,29,102,2,0,0,0,2,0,0,2,0,32,13,9,219,262,40,15,0.68,0.1,0,0.08,0.15,0,41,261.87,2.02E+11
0d6760b38e52aa80c85686d5e8d3ce01,5.5,1,130,18,0.14,1582,87.51,41.57,4.32,1892.22,0.6,33,0.25,1.55,1,0.55,0.71,311,19,0.82,360,7,64,2,357,10,0,281,51,75,1,0,0,10,0,0,10,0,0,32,9,0,755,132,82,14,0.52,0.17,0.01,0.05,0.22,0,85,1052.98,2.02E+11
a6b1010af4fc455ee5abb604dcf918f7,6.5,1,232,19,0.08,603,97.76,31.03,3.31,539.72,0.5,36,0.16,0.83,0,0,0.18,138,0,0.33,76,5,9,1,56,12,0,227,12,81,5,1,0,12,0,0,12,0,1,48,4,2,513,48,151,9,0.74,0.26,0,0,0,0,62,430.42,2.02E+11
3931eae4cdc0412af1a5f55122c10d61,2,0,85,44,0.52,1348,111.72,57.08,3.45,2928.56,0.79,0,0,0.99,0,0,0,0,0,1.22,166,36,24,18,218,58,52,240,30,110,6,4,10,40,8,10,40,8,19,116,18,71,516,117,56,20,0.41,0.16,0,0.04,0.39,92,47,431.92,2.02E+11
eee2c576a5ab73f945b6edb32219b192,4.5,0,78,13,0.17,240,247.38,73.08,3.41,567.54,0.59,0,0,0.71,0,0,0,0,0,0.38,204,28,27,2,327,1,0,28,7,63,3,0,0,0,1,0,0,1,4,37,2,35,290,15,11,2,1,0,0,0,0,1132,108,262.33,2.02E+11
3c8ae9ab5e5526114477e99179a8ad12,0.5,0,467,87,0.19,1654,216.51,122.54,3.54,1769.88,0.87,51,0.11,1.11,0,0,1.06,314,253,0.88,87,8,325,58,1522,49,1,194,46,95,8,3,0,46,3,0,46,3,4,161,23,39,745,208,255,40,0.49,0.14,0.06,0.12,0.16,69,84,121.77,2.02E+11
1e376f963d322d0143758005f37fa0bc,1.5,0,737,132,0.18,3292,204.73,128.72,3.51,2333.44,1.06,165,0.22,0.81,31,0.73,0.97,1004,322,0.87,1763,95,1409,116,6325,28,85,737,6,403,67,20,2,25,1,2,25,1,47,247,9,912,3223,86,216,46,0.4,0.23,0,0.14,0.22,744,185,531.13,2.02E+11
a357f1dc55f01a1aca48bba495f91521,5,1,79,31,0.39,1816,94.84,42.13,5.24,1703.49,0.88,8,0.1,1.08,0,0,1.04,98,0,0.78,0,0,377,28,1776,0,0,0,8,73,1,0,0,0,0,0,0,0,9,49,2,71,422,31,65,18,0.38,0.28,0.05,0.05,0.25,712,127,440.53,2.02E+11
e63a86d19edf6ea36fcbb8a450e21959,2.5,0,264,47,0.18,1875,144.29,40.67,3.64,1170.42,0.6,16,0.06,0.8,2,1.17,0.49,140,135,0.51,150,9,397,43,2330,52,113,381,190,182,8,1,6,23,23,6,23,23,11,77,39,158,893,342,106,18,0.68,0.09,0.01,0.01,0.21,187,117,231.15,2.02E+11
fc3bae4b7271803308c96bf413773878,5,1,329,61,0.19,1432,182.33,78.89,2.77,1009.33,0.62,46,0.14,0.89,6,0.38,0.39,164,132,0.48,343,21,281,30,908,25,29,339,37,207,5,2,1,20,4,1,20,4,13,93,26,352,1197,260,184,27,0.65,0.26,0,0.02,0.06,1329,77,918.33,2.02E+11
7778d80908ace05501a05067b903b7e2,4,0,216,38,0.18,979,122.11,53.15,5.18,1731.13,0.67,43,0.2,0.76,4,0.63,0.94,454,336,0.53,412,14,386,19,1762,7,0,189,7,211,18,0,0,6,1,0,6,1,1,60,3,45,1154,68,39,12,0.62,0.15,0,0,0.18,640,31,503.94,2.02E+11
2a4df73484dddb6300a7d49ec110c126,6,1,32,16,0.5,1626,67.5,25,9.19,5171.63,1.76,13,0.41,1.49,2,2.33,2.12,209,0,1.93,84,12,1,0,0,23,18,46,15,22,0,0,4,15,4,4,15,4,4,45,6,18,157,29,24,12,0.12,0.08,0,0.58,0.08,0,34,728.36,2.02E+11
d4d395f8f3879cec9059f5caf2acb4b7,2,0,475,45,0.09,858,182.46,42.32,2.23,904.23,0.72,13,0.03,0.93,3,0.26,0.19,23,20,0.78,223,3,308,12,1150,4,105,128,21,224,7,2,2,2,0,2,2,0,15,51,16,351,924,313,309,32,0.36,0.25,0.03,0.03,0.2,1220,121,472.49,2.02E+11
d7b3d7f219607351da0d512e42359f13,0,0,368,66,0.18,1912,279.38,62.87,3.18,914.09,0.86,8,0.02,0.99,3,1.12,0.88,30,0,0.95,320,17,160,33,778,46,0,551,176,255,20,11,0,26,20,0,26,20,4,73,69,8,1019,543,266,41,0.25,0.3,0.1,0.09,0.25,184,241,338.49,2.02E+11
74ae2a87098dab7bc38c2d52e780f5eb,0,0,113,16,0.14,543,125.24,31.43,3.6,430.83,0.6,1,0.01,1.17,0,0,0.05,5,5,0.6,1,0,39,7,123,5,1,77,14,17,0,0,0,3,2,0,3,2,4,16,2,25,174,29,96,10,0.5,0.22,0.03,0.01,0.16,2,78,84.55,2.02E+11
e63a86d19edf6ea36fcbb8a450e21959,2.5,0,264,47,0.18,1875,144.29,40.67,3.64,1170.42,0.6,16,0.06,0.8,2,1.17,0.49,140,135,0.51,150,9,397,43,2330,52,113,381,190,182,8,1,6,23,23,6,23,23,11,77,39,158,893,342,106,18,0.68,0.09,0.01,0.01,0.21,187,117,231.15,2.02E+11
52ab2505048fe6b8061c1d7f147daef2,5,1,152,17,0.11,750,175,70.58,2.33,1872.21,0.64,24,0.16,0.81,2,0.98,0.69,77,2,0.79,450,27,56,9,354,18,22,369,21,146,9,1,2,15,1,2,15,1,15,48,19,95,741,163,87,9,0.59,0.02,0,0.02,0.37,629,21,1004.59,2.02E+11
18a6c46539fe3889969c11cc0f9e69fa,1.5,0,48,14,0.29,120,48.25,12.83,4.15,635,0.87,2,0.04,1.27,2,0.4,0.4,2,2,0.38,176,12,57,19,366,20,0,100,32,62,4,1,0,9,11,0,9,11,13,34,17,64,322,74,13,2,1,0,0,0,0,136,188,368.06,2.02E+11
3c8ae9ab5e5526114477e99179a8ad12,0.5,0,467,87,0.19,1654,216.51,122.54,3.54,1769.88,0.87,51,0.11,1.11,0,0,1.06,314,253,0.88,87,8,325,58,1522,49,1,194,46,95,8,3,0,46,3,0,46,3,4,161,23,39,745,208,255,40,0.49,0.14,0.06,0.12,0.16,69,84,121.77,2.02E+11
1e376f963d322d0143758005f37fa0bc,1.5,0,737,132,0.18,3292,204.73,128.72,3.51,2333.44,1.06,165,0.22,0.81,31,0.73,0.97,1004,322,0.87,1763,95,1409,116,6325,28,85,737,6,403,67,20,2,25,1,2,25,1,47,247,9,912,3223,86,216,46,0.4,0.23,0,0.14,0.22,744,185,531.13,2.02E+11
2a1c534db1e5b9c40c72d9d88020d554,1.5,0,140,26,0.19,323,130.57,62.6,3.08,671.03,0.52,37,0.26,1.09,1,0.18,0.12,69,28,0.75,254,29,167,22,956,13,11,362,4,123,8,4,0,13,0,0,13,0,32,38,0,184,656,4,86,6,0.23,0.09,0,0,0.67,173,99,147.14,2.02E+11
d7b3d7f219607351da0d512e42359f13,0,0,368,66,0.18,1912,279.38,62.87,3.18,914.09,0.86,8,0.02,0.99,3,1.12,0.88,30,0,0.95,320,17,160,33,778,46,0,551,176,255,20,11,0,26,20,0,26,20,4,73,69,8,1019,543,266,41,0.25,0.3,0.1,0.09,0.25,184,241,338.49,2.02E+11
74ae2a87098dab7bc38c2d52e780f5eb,0,0,113,16,0.14,543,125.24,31.43,3.6,430.83,0.6,1,0.01,1.17,0,0,0.05,5,5,0.6,1,0,39,7,123,5,1,77,14,17,0,0,0,3,2,0,3,2,4,16,2,25,174,29,96,10,0.5,0.22,0.03,0.01,0.16,2,78,84.55,2.02E+11
a56f73efc6ea02b290bee5650394a874,10,1,95,51,0.54,2520,61.77,15.07,4.53,1220.29,0.91,15,0.16,1.17,11,0.62,0.59,109,8,0.89,197,18,11,9,8,59,198,302,0,128,3,1,27,32,0,27,32,0,40,87,0,357,523,0,72,37,0.47,0.18,0,0.14,0.1,115,5,237.35,2.02E+11
50958cd9cace77f7c16025171764d327,8.75,1,31,7,0.23,386,66.06,12.26,7.19,1385.68,0.48,10,0.32,0.63,0,0,0.37,55,0,0.48,23,5,1,1,26,13,3,51,0,19,2,1,0,13,0,0,13,0,1,31,0,5,117,0,32,9,0.66,0.19,0,0,0.16,12,152,164.38,2.02E+11
a456c4050e08099ba862bef8ae5dc8de,8,1,239,41,0.17,540,375.1,167.85,3.61,2898.88,0.72,78,0.33,1.07,16,1.14,0.98,348,226,1.08,275,24,441,39,1973,20,21,141,0,110,5,1,1,19,0,1,19,0,21,64,0,201,689,0,28,5,0.21,0.36,0.07,0.21,0,1262,686,1131.06,2.02E+11
e9030117eef88951c64623ea5489e3f5,7.5,1,65,11,0.17,708,86.58,40.68,3.14,958.28,0.66,12,0.18,1.23,2,0.26,0.54,29,20,0.78,94,6,279,34,1574,7,25,70,0,83,2,1,0,7,0,0,7,0,11,57,0,89,545,0,41,7,0.59,0.15,0,0.12,0.15,1330,58,1012.35,2.02E+11
8c11e5b8ca8d0e6c25cac18d8816656f,9,1,359,43,0.12,2400,93.94,60.79,5.08,2785.98,0.7,144,0.4,0.84,10,0.67,0.88,1262,0,0.74,547,26,26,0,29,30,112,608,0,110,2,2,6,24,0,6,24,0,25,60,3,312,1038,11,264,26,0.46,0.06,0.01,0.02,0.36,0,73,270.27,2.02E+11
12550fb591426e0ebf627d1ddbfd0dbf,7.5,1,87,29,0.33,2400,217.38,80.28,4.43,3270.39,0.94,13,0.15,1.16,4,2.12,1.67,168,2,0.97,40,3,54,8,459,14,41,50,0,28,0,0,4,10,0,4,10,0,13,44,4,79,229,16,73,22,0.32,0.11,0.07,0.11,0.38,1434,373,564.46,2.02E+11
d6967ecb99d0e0c7ecd1de62a55da433,8,1,86,38,0.44,1560,163.12,115.91,5.7,3486.74,0.82,42,0.49,0.82,16,0.69,0.94,308,95,0.76,435,15,442,25,2890,10,55,208,0,219,7,0,4,6,0,4,6,0,17,70,0,324,1186,0,40,21,0.55,0.15,0.02,0.05,0.15,923,53,503.26,2.02E+11
f327b5118042c428a8a4aee38c562bd5,4,0,304,41,0.13,796,273.89,98.75,4.89,2621.84,0.77,89,0.29,0.87,7,0.79,0.98,845,520,1.06,206,33,260,25,1735,39,66,326,0,115,3,3,6,33,0,6,33,0,22,97,0,233,689,2,85,17,0.28,0.08,0.33,0.04,0.26,1730,475,1264.74,2.02E+11
9dae0307529eb060cfcb0e73b61f8076,7,1,166,15,0.09,277,241.71,116.7,3.16,1596,0.94,29,0.17,0.75,2,0.27,1.03,112,30,0.98,238,2,97,3,236,11,46,273,0,92,1,0,0,11,0,0,11,0,1,38,0,125,860,1,153,15,0.32,0.3,0.06,0.16,0.08,4992,26,798.36,2.02E+11
632aa61d43181ec8c12da13ec48e3527,6.5,1,242,77,0.32,1053,78.74,28.84,4.65,1590.21,0.71,53,0.22,0.8,21,0.77,0.71,415,383,0.79,637,53,501,84,3815,13,28,186,0,249,21,4,0,13,0,0,13,0,39,143,0,299,1074,0,40,14,0.65,0.08,0.05,0.12,0.1,951,14,581.23,2.02E+11
047477f4513b822bf8ea2e90e3ae6c23,6,1,192,92,0.48,950,132.25,52.63,3.7,3531.38,0.81,16,0.08,1.03,5,0.96,0.55,155,1,0.75,186,10,336,133,2824,13,122,106,0,200,6,1,7,6,0,7,6,0,50,124,34,238,650,141,92,25,0.47,0.14,0.02,0.07,0.3,337,156,267.25,2.02E+11
a2f132c0bc83e0438399abef26a7ad0b,4.5,0,63,15,0.24,1174,201.84,181.65,2.79,1740.7,0.88,11,0.17,1.22,0,0,1.04,36,36,0.78,82,1,116,10,845,14,56,111,0,58,1,1,3,11,0,3,11,0,10,34,0,156,247,0,45,10,0.56,0.11,0.13,0.02,0.11,887,37,546.36,2.02E+11
28b9896f63c023e221fd2fd360509561,2.5,0,110,33,0.3,1414,269.75,188.07,3.42,4389.49,0.88,28,0.25,1.01,6,0.7,0.76,163,102,0.85,184,7,153,38,628,23,15,257,0,143,11,0,1,22,0,1,22,0,20,70,0,77,838,25,91,19,0.22,0.11,0.01,0.03,0.56,483,379,585.29,2.02E+11
d9261d30ce2a5a533903600b4b03214f,5,1,222,22,0.1,693,448.61,269.78,3.14,2456.09,0.89,61,0.27,1.74,3,0.48,0.95,252,11,0.84,290,5,246,15,1061,23,43,425,0,159,14,5,0,23,0,0,23,0,8,51,0,245,896,0,121,8,0.62,0.06,0.07,0.06,0.15,528,310,303.53,2.02E+11
05231c3e3b13bf76eaf69e6ebcc7eeca,9,1,152,39,0.26,934,114.55,15.42,3.41,756.03,0.72,2,0.01,0.88,2,0.43,0.43,2,2,0.65,31,6,86,24,648,13,0,122,0,50,1,1,0,13,0,0,13,0,0,66,0,0,378,0,102,15,0.55,0.36,0,0.06,0.02,216,100,347.52,2.02E+11
f6d47e0c20ca9977960e3d84b2703d15,9,1,169,20,0.12,868,267.05,60.8,2.3,1147.88,0.59,9,0.05,1.09,0,0,0.39,0,0,0.79,46,1,215,14,1132,12,0,134,0,51,6,2,0,12,0,0,12,0,0,42,1,0,440,7,53,7,0.42,0.32,0,0.06,0.15,1478,218,757.4,2.02E+11
0aa9884c48b8b10ab9e15b20d8bae760,5.5,1,259,71,0.27,420,98.42,41.68,4.02,2352.77,0.65,41,0.16,0.73,12,0.79,0.62,319,271,0.79,397,64,516,79,3734,2,0,2,0,161,3,0,0,2,0,0,2,0,14,124,32,83,654,233,17,11,0.24,0.24,0,0,0.41,1309,17,854.09,2.02E+11
f723ce1b18819e5a0d7d1192250d1f7e,3,0,56,19,0.34,1146,83.21,1.71,3.43,605.57,0.88,0,0,1.03,0,0,0,0,0,0.87,21,9,0,0,0,8,0,61,0,18,2,2,0,8,0,0,8,0,0,27,0,0,117,0,35,10,0.49,0.23,0,0.11,0.14,0,55,113.19,2.02E+11
aad861c332ca88b09bdfba1d2449ad83,5,1,27,19,0.7,1620,42.96,1.19,5.7,1560.89,1.42,3,0.11,1.24,2,0.91,0.86,48,0,1.53,3,1,1,1,6,14,0,18,0,9,3,0,0,14,0,0,14,0,3,39,2,6,65,3,20,12,0.2,0.35,0,0.4,0.05,0,16,137,2.02E+11
6b6d7ccb2d17389de91cd8135aaacb5a,2.25,0,356,46,0.13,269,214.35,39.09,3.08,978.13,0.68,18,0.05,0.98,0,0,0.57,128,128,0.73,280,17,789,82,4423,1,0,2,0,243,34,0,0,1,0,0,1,0,26,101,3,315,998,31,100,9,0.33,0.21,0.02,0.03,0.41,503,311,476.43,2.02E+11
9d0c4080db434e2ab16c80ce2b994f92,3.5,0,366,26,0.07,2139,250.24,27.74,2.53,754.66,0.69,16,0.04,0.82,0,0,0.44,59,28,0.64,179,1,481,12,1792,8,0,229,0,194,11,5,0,8,0,0,8,0,2,49,0,95,1162,46,304,19,0.54,0.22,0.11,0.01,0.09,384,113,308.24,2.02E+11
753cc0c9a3f08ce6c0637cdd6a25afe9,4,0,519,52,0.1,1440,121.46,39.38,2.43,547.21,0.54,53,0.1,0.64,2,1.01,0.19,257,257,0.53,0,0,551,63,2046,0,0,0,0,62,2,0,0,0,0,0,0,0,26,20,34,242,202,372,265,17,0.7,0.05,0,0.04,0.16,207,120,188.25,2.02E+11
f723ce1b18819e5a0d7d1192250d1f7e,3,0,56,19,0.34,1146,83.21,1.71,3.43,605.57,0.88,0,0,1.03,0,0,0,0,0,0.87,21,9,0,0,0,8,0,61,0,18,2,2,0,8,0,0,8,0,0,27,0,0,117,0,35,10,0.49,0.23,0,0.11,0.14,0,55,113.19,2.02E+11
3ccc40fe3fb96ab9dd4ecb18e5ba7f79,5.5,1,16,11,0.69,360,196.25,37.25,3.69,3392.25,1.1,0,0,1.29,0,0,0,0,0,1.27,15,10,6,3,38,0,0,0,0,18,0,0,0,0,0,0,0,0,2,31,0,2,47,0,11,8,0.27,0.36,0.18,0.09,0,0,344,451.39,2.02E+11
dd4a6ebb72e5b057a51fee46587a19c9,6,1,67,24,0.36,1586,81.01,70.15,2.72,1298.75,0.68,3,0.04,0.9,0,0,0.6,12,0,0.61,0,0,166,15,880,7,0,89,0,57,4,0,0,7,0,0,7,0,2,43,0,27,333,0,46,14,0.39,0.5,0,0.02,0.07,378,28,257.07,2.02E+11
b07aced80770ac794f423aa3d6cb97db,2.5,0,278,20,0.07,323,147.45,57.37,2.85,932.65,0.68,36,0.13,0.58,7,0.26,0.37,144,144,1.09,147,6,360,19,1382,11,0,174,0,108,3,0,0,11,0,0,11,0,0,41,0,78,850,26,116,7,0.28,0.05,0.03,0.15,0.49,249,61,161.95,2.02E+11
8178d6766a506fc5334b6f901b487b7e,0,0,91,13,0.14,666,392.22,12.4,3.86,418.9,0.79,0,0,0.9,0,0,0,0,0,0.7,86,5,162,24,1216,4,0,118,0,57,4,0,0,4,0,0,4,0,0,43,1,0,460,23,40,5,0.2,0.48,0,0,0.32,750,115,584.45,2.02E+11
cc2fafc44248c5753238a4bafba84e14,5,1,132,16,0.12,336,169.91,40.18,2.83,643.27,0.55,7,0.05,0.87,0,0,0.16,37,0,0.54,6,1,115,8,411,5,0,72,0,20,0,0,0,5,0,0,5,0,1,23,1,1,253,24,74,7,0.58,0.3,0,0.03,0.09,34,116,189.6,2.02E+11
952dd801db0c5decf0f185021445112c,2,0,188,24,0.13,868,294.11,81.77,1.81,460.83,0.48,7,0.04,0.94,0,0,0.17,27,27,0.48,37,1,347,18,1967,9,0,110,0,28,3,2,0,9,0,0,9,0,4,40,0,87,464,0,66,12,0.79,0.09,0,0.02,0.06,870,65,593.55,2.02E+11
9d0c4080db434e2ab16c80ce2b994f92,3.5,0,366,26,0.07,2139,250.24,27.74,2.53,754.66,0.69,16,0.04,0.82,0,0,0.44,59,28,0.64,179,1,481,12,1792,8,0,229,0,194,11,5,0,8,0,0,8,0,2,49,0,95,1162,46,304,19,0.54,0.22,0.11,0.01,0.09,384,113,308.24,2.02E+11
753cc0c9a3f08ce6c0637cdd6a25afe9,4,0,519,52,0.1,1440,121.46,39.38,2.43,547.21,0.54,53,0.1,0.64,2,1.01,0.19,257,257,0.53,0,0,551,63,2046,0,0,0,0,62,2,0,0,0,0,0,0,0,26,20,34,242,202,372,265,17,0.7,0.05,0,0.04,0.16,207,120,188.25,2.02E+11
9196c77374a9fba5b2dfd78bf6363dc8,2,0,85,27,0.32,630,257.93,69.84,3.46,1811.25,0.73,8,0.09,0.95,0,0,0.48,43,12,0.74,0,0,65,37,646,3,0,79,0,59,13,0,0,3,0,0,3,0,1,60,0,1,226,0,62,16,0.45,0.26,0,0.08,0.19,252,132,240.98,2.02E+11
ae8521df773cb97772fa55aa2f9039dc,0,0,293,45,0.15,867,97.41,37.19,3.28,784.23,0.56,26,0.09,0.91,1,1,0.25,135,88,0.71,181,10,559,51,3018,7,0,188,0,105,9,1,0,7,0,0,7,0,15,65,4,57,822,72,112,15,0.37,0.25,0.01,0.02,0.26,336,238,310.29,2.02E+11
0ffd08b55164fa1426ab8afc6a9cb64e,1.5,0,265,32,0.12,1394,109.99,91.44,3.84,970.34,0.68,48,0.18,1.18,2,1.01,0.53,326,310,0.7,24,0,141,27,867,5,0,66,0,55,12,5,0,5,0,0,5,0,6,45,7,20,355,28,184,23,0.49,0.29,0.01,0.07,0.14,175,8,122.62,2.02E+11
21bb687b6250655933cad690986e1b4b,1,0,74,31,0.42,1022,148.32,20.92,4.57,654,0.87,2,0.03,0.95,0,0,0.99,42,42,0.81,0,0,85,24,643,0,0,0,0,48,7,0,0,0,0,0,0,0,3,35,10,8,112,39,41,18,0.29,0.24,0,0.02,0.24,249,197,208.58,2.02E+11
6b6d7ccb2d17389de91cd8135aaacb5a,2.25,0,356,46,0.13,269,214.35,39.09,3.08,978.13,0.68,18,0.05,0.98,0,0,0.57,128,128,0.73,280,17,789,82,4423,1,0,2,0,243,34,0,0,1,0,0,1,0,26,101,3,315,998,31,100,9,0.33,0.21,0.02,0.03,0.41,503,311,476.43,2.02E+11
5c46f79ebaa80cfb2fd3ae1d20a47e4c,1,0,69,14,0.2,919,158.2,34.14,4,739.01,0.65,1,0.01,1.1,1,0.32,0.32,1,1,0.56,1,0,46,8,145,11,0,132,0,44,2,0,0,11,0,0,11,0,0,28,0,3,217,0,38,6,0.79,0.08,0.03,0.05,0,2,782,255.29,2.02E+11
c651b390081ca52ab27831e96a0ac4c3,1.5,0,125,7,0.06,186,153.02,45.09,2.34,352.29,0.68,2,0.02,0.91,0,0,0.39,12,12,0.39,183,9,141,6,541,9,0,303,0,92,9,6,0,9,0,0,9,0,11,18,0,155,577,0,45,2,0.76,0.22,0,0,0.02,265,92,163.31,2.02E+11
0ffd08b55164fa1426ab8afc6a9cb64e,1.5,0,265,32,0.12,1394,109.99,91.44,3.84,970.34,0.68,48,0.18,1.18,2,1.01,0.53,326,310,0.7,24,0,141,27,867,5,0,66,0,55,12,5,0,5,0,0,5,0,6,45,7,20,355,28,184,23,0.49,0.29,0.01,0.07,0.14,175,8,122.62,2.02E+11
69c88d9c53e2ee89ff0d6e399eb69d6c,1.5,0,61,12,0.2,476,103.02,23.8,2.87,590.95,0.46,0,0,0.75,0,0,0,0,0,0.29,0,0,0,0,0,0,0,0,0,3,0,0,0,0,0,0,0,0,0,12,0,0,61,0,35,5,0.89,0.06,0,0,0.06,0,152,126.67,2.02E+11
8178d6766a506fc5334b6f901b487b7e,0,0,91,13,0.14,666,392.22,12.4,3.86,418.9,0.79,0,0,0.9,0,0,0,0,0,0.7,86,5,162,24,1216,4,0,118,0,57,4,0,0,4,0,0,4,0,0,43,1,0,460,23,40,5,0.2,0.48,0,0,0.32,750,115,584.45,2.02E+11
ae8521df773cb97772fa55aa2f9039dc,0,0,293,45,0.15,867,97.41,37.19,3.28,784.23,0.56,26,0.09,0.91,1,1,0.25,135,88,0.71,181,10,559,51,3018,7,0,188,0,105,9,1,0,7,0,0,7,0,15,65,4,57,822,72,112,15,0.37,0.25,0.01,0.02,0.26,336,238,310.29,2.02E+11
03f29625016eff9eac728adc2954717d,1.5,0,51,19,0.37,1200,19.29,10.35,4.14,519.14,0.97,0,0,1.23,0,0,0,0,0,0.99,0,0,0,0,0,13,4,75,0,35,3,3,0,13,0,0,13,0,1,32,0,22,120,0,49,18,0.27,0.14,0.18,0.02,0.31,0,0,474.55,2.02E+11
876b12751f228d961a217962032245e2,3.75,0,124,26,0.21,317,115.9,40.52,3.27,1046.23,0.57,8,0.06,0.91,0,0,0.27,41,0,0.73,580,44,0,0,0,1,0,192,0,120,5,0,0,1,0,0,1,0,6,52,3,62,674,41,31,8,0.45,0.19,0,0.06,0.29,0,0,953.64,2.02E+11
4a94e97c22a4befc2ba82ca0c3dde863,2.5,0,132,13,0.1,230,166.85,69.03,2.2,1298.27,0.42,15,0.11,0.61,0,0,0.27,49,0,0.33,477,39,0,0,0,0,0,55,21,100,5,0,0,0,0,0,0,0,0,31,12,39,386,122,4,0,0.75,0.25,0,0,0,0,0,745.21,2.02E+11
5ff645b36dc06d77cf337ef101f3477d,10,1,96,18,0.19,1724,15.33,2.67,3.35,855.63,0.63,10,0.1,1.12,0,0,0.31,50,0,0.71,28,4,9,0,117,34,0,137,0,27,2,1,0,34,0,0,34,0,2,55,0,23,242,0,74,17,0.47,0.24,0.11,0.03,0.15,0,0,475.02,2.02E+11
0a688619ef70e75d29d15a3f08ced484,5,1,82,28,0.34,1680,70.73,23.85,5.06,2264.63,0.79,0,0,0.85,0,0,0,0,0,0.82,0,0,130,27,1182,7,0,11,1,45,2,0,0,6,1,0,6,1,2,34,33,3,132,84,61,23,0.21,0.43,0,0.02,0.15,946,0,576.7,2.02E+11
82119fdbce12f6a7baa0d0ec28661908,7,1,94,14,0.15,480,50.55,32,3.72,1178,0.68,10,0.11,0.8,0,0,0.72,97,97,0.83,26,10,319,30,1202,2,0,30,13,70,8,0,0,2,0,0,2,0,13,33,2,108,260,56,16,4,0.19,0.19,0,0,0.62,177,0,160.08,2.02E+11
616e909578d6735af9353673a564f273,5.5,1,165,53,0.32,954,120.95,16.36,3.01,2151.13,0.69,8,0.05,0.89,0,0,0.27,24,18,0.94,425,70,163,24,1113,34,2,320,6,71,3,0,0,32,2,0,32,2,7,99,26,44,624,72,13,9,0,0.62,0,0.08,0.23,2420,0,851.27,2.02E+11
f48e83dd4c91e50a0990b2c1bd5e1b02,6.75,1,244,19,0.08,216,148.08,41.08,3.04,1068.9,0.58,26,0.11,0.84,2,0.14,0.69,157,157,0.66,272,8,470,26,1863,7,16,144,5,87,7,0,2,5,0,2,5,0,3,41,3,29,846,219,69,2,0.57,0.1,0,0.07,0.26,243,0,337.19,2.02E+11
1919eb66c99e09c5fa5462b82c0a85dd,4.5,0,233,55,0.24,563,120.31,39.85,3.42,1641.39,0.66,11,0.05,1.01,0,0,0.25,57,41,1.05,226,39,632,65,3080,19,21,193,14,127,15,2,1,17,1,1,17,1,31,92,8,250,771,54,25,12,0.32,0.12,0,0.16,0.4,332,0,227.69,2.02E+11
4568e5e0c1ef8b05020f2166c814c475,5,1,71,15,0.21,1347,140.68,89.46,4.97,2314.08,0.75,41,0.58,0.95,1,1.11,0.65,225,139,0.88,58,6,52,3,478,17,3,93,1,41,2,0,1,15,1,1,15,1,3,42,2,20,203,26,30,14,0.23,0.33,0,0.1,0.33,835,0,166.81,2.02E+11
0db698855ce7c05517b00dc54cb68790,5.5,1,25,14,0.56,387,16.32,0,5.56,909.28,0.89,4,0.16,0.96,1,1,0.5,38,32,0.98,0,0,107,36,985,9,0,18,23,38,5,1,0,7,2,0,7,2,4,39,3,10,119,26,6,1,0,0.33,0,0,0.67,148,0,209.3,2.02E+11
f48e83dd4c91e50a0990b2c1bd5e1b02,6.75,1,244,19,0.08,216,148.08,41.08,3.04,1068.9,0.58,26,0.11,0.84,2,0.14,0.69,157,157,0.66,272,8,470,26,1863,7,16,144,5,87,7,0,2,5,0,2,5,0,3,41,3,29,846,219,69,2,0.57,0.1,0,0.07,0.26,243,0,337.19,2.02E+11
a3d71ac66f475dfb20cd71fad571e7cc,8.5,1,39,15,0.38,720,60.21,56.82,3.36,2293.23,0.78,3,0.08,0.99,0,0,1.11,12,12,0.87,44,8,50,7,333,5,0,52,0,22,1,0,0,5,0,0,5,0,8,20,0,20,110,0,9,8,0.22,0.11,0,0,0.56,202,0,94,2.02E+11
8d85b6803e45303bcf821dea90b3a031,6,1,156,36,0.23,960,88.21,71.74,4.26,995.15,0.59,24,0.15,1.04,4,0.78,0.48,227,227,0.71,0,0,456,74,2983,0,0,0,0,99,2,0,0,0,0,0,0,0,6,71,16,34,379,124,81,19,0.31,0.48,0.02,0.06,0.12,451,0,359.01,2.02E+11
fca8ee584f4b7291a5e36c32a3f58fe3,6,1,171,35,0.2,197,63.06,33.12,4.11,2828.02,0.75,34,0.2,0.95,0,0,0.43,210,143,0.6,235,17,541,62,3482,5,0,108,0,165,5,2,0,5,0,0,5,0,2,71,14,25,733,117,14,4,0.29,0.57,0,0,0.14,251,0,247.49,2.02E+11
807be05ad34ca22fe59be9fbfe7d94fd,4.5,0,363,70,0.19,1102,106.16,55.46,3.91,2002.49,0.67,98,0.27,0.87,8,1.46,0.79,751,568,0.8,578,38,695,74,2817,36,136,699,0,240,3,1,8,28,0,8,28,0,50,100,0,515,1288,0,33,10,0.52,0.06,0.15,0,0.18,787,0,977.55,2.02E+11
2f840e664922cd5532a517b4ddc49f0d,7,1,283,28,0.1,120,301.8,105.95,2.96,3235.22,0.74,81,0.29,0.92,7,0.54,0.65,403,403,1.25,246,4,886,62,3851,0,0,0,0,159,11,0,0,0,0,0,0,0,4,29,34,98,626,417,9,1,0,0,0.11,0,0.67,340,0,363.22,2.02E+11
ef2fb32b1b00eb1ac656339d58449ab3,6.75,1,116,27,0.23,1358,72,44.52,3.16,1371.14,0.53,16,0.14,0.87,0,0,0.48,88,24,0.58,444,14,198,22,593,11,0,243,0,42,3,3,0,11,0,0,11,0,0,50,6,2,707,69,47,14,0.53,0.32,0,0.02,0.13,602,0,773.21,2.02E+11
b64fcfbb8cb642ccdde1cad5d1a9a95d,3.25,0,290,17,0.06,33,250.5,110.83,2.68,1400.4,0.4,67,0.23,0.57,2,1,0.35,298,298,0.57,123,6,699,34,2702,7,0,103,0,78,3,2,0,7,0,0,7,0,12,35,0,174,696,11,2,0,0,1,0,0,0,919,0,714.13,2.02E+11
369a1f5893a0c5de3acf72278ad8651e,6,1,91,7,0.08,240,187.16,91.87,2.77,573.05,0.63,4,0.04,1.31,0,0,0.28,21,21,1.27,29,3,374,15,1619,2,0,10,0,59,6,0,0,2,0,0,2,0,3,20,1,53,344,29,13,4,0,0,0.23,0,0.46,262,0,218.67,2.02E+11
4bad2737c0de0cc8e8e58ef64349b22a,6,1,115,13,0.11,286,141.7,110.89,4.23,2283.23,0.53,52,0.45,0.71,4,0.36,0.56,337,307,0.67,155,14,327,15,1672,0,2,4,0,90,4,0,0,0,0,0,0,0,2,33,1,78,507,10,16,2,0.5,0.12,0,0,0.38,386,0,399.78,2.02E+11
637b88f01d269e7ebf9cba9f473c9ab4,3.5,0,54,3,0.06,197,284.07,25.7,4.2,593.63,0.67,20,0.37,1.2,0,0,0.17,107,43,0.62,1,0,201,31,1804,0,0,0,0,53,4,0,0,0,0,0,0,0,10,17,4,46,140,36,6,0,0,1,0,0,0,143,0,143.35,2.02E+11
fdbd5706bd9e9000aba7eb8107a6b70e,4.5,0,80,1,0.01,203,313.15,134.75,2.44,493.1,0.53,0,0,0.61,0,0,0,0,0,0.53,0,0,297,26,1504,0,0,0,0,54,4,0,0,0,0,0,0,0,0,27,0,0,294,83,80,1,0.38,0.56,0,0,0.06,450,0,433.33,2.02E+11
2f840e664922cd5532a517b4ddc49f0d,7,1,283,28,0.1,120,301.8,105.95,2.96,3235.22,0.74,81,0.29,0.92,7,0.54,0.65,403,403,1.25,246,4,886,62,3851,0,0,0,0,159,11,0,0,0,0,0,0,0,4,29,34,98,626,417,9,1,0,0,0.11,0,0.67,340,0,363.22,2.02E+11
297864776728a8659cca53ea53c482da,3,0,331,25,0.08,248,115.93,57.26,2.51,447.07,0.58,12,0.04,0.67,0,0,0.27,20,20,0.45,174,8,607,41,3173,7,0,358,0,118,3,0,0,7,0,0,7,0,12,42,4,183,850,104,82,1,0.77,0,0.01,0,0.15,696,0,561.72,2.02E+11
924a5869cff18210c8ff609fd2c88096,4.5,0,65,13,0.2,480,108.55,36.86,2.91,909.23,0.51,2,0.03,0.84,0,0,0.21,10,10,0.51,4,1,176,12,377,8,8,37,0,25,3,3,2,6,0,2,6,0,7,20,0,65,186,0,26,6,0.77,0,0,0,0.08,284,0,232.15,2.02E+11
6b4a89ff3b64a228f03fd59d41de89d8,2,0,71,20,0.28,240,174.08,57.46,3.35,1969.35,1.09,8,0.11,1.5,2,1.69,0.94,59,59,1.36,5,0,311,51,1744,11,0,132,0,55,6,0,0,11,0,0,11,0,4,33,30,31,287,185,7,2,0,0,0,0.29,0.71,381,0,418.51,2.02E+11
b70bae1bd72b4f0f7f7e617de2bf4436,2,0,374,31,0.08,815,136.95,73.27,2.74,847.94,0.75,25,0.07,1.54,0,0,0.53,115,86,1.02,102,7,476,45,1811,5,0,87,0,118,8,1,0,5,0,0,5,0,4,70,0,65,871,0,145,13,0.67,0.01,0.01,0.18,0.13,397,0,337.78,2.02E+11
8d85b6803e45303bcf821dea90b3a031,6,1,156,36,0.23,960,88.21,71.74,4.26,995.15,0.59,24,0.15,1.04,4,0.78,0.48,227,227,0.71,0,0,456,74,2983,0,0,0,0,99,2,0,0,0,0,0,0,0,6,71,16,34,379,124,81,19,0.31,0.48,0.02,0.06,0.12,451,0,359.01,2.02E+11
4bad2737c0de0cc8e8e58ef64349b22a,6,1,115,13,0.11,286,141.7,110.89,4.23,2283.23,0.53,52,0.45,0.71,4,0.36,0.56,337,307,0.67,155,14,327,15,1672,0,2,4,0,90,4,0,0,0,0,0,0,0,2,33,1,78,507,10,16,2,0.5,0.12,0,0,0.38,386,0,399.78,2.02E+11
cfbbd70d324c775904b25d1304417bdc,3.5,0,40,23,0.58,360,98.3,71,5.2,1655.6,0.92,3,0.08,0.98,2,1.01,0.79,48,48,1.08,4,4,123,67,1010,0,0,1,0,72,20,0,0,0,0,0,0,0,36,39,0,77,58,0,7,4,0,0,0,0,1,304,0,301.81,2.02E+11
058f06089e42031d74df557e792c77ca,2,0,344,33,0.1,240,209.93,71.91,3.69,591.38,0.59,45,0.13,0.98,1,1,0.24,250,250,0.31,444,37,605,45,2679,4,0,84,0,191,17,1,0,4,0,0,4,0,16,73,4,250,963,44,14,2,0.93,0.07,0,0,0,148,0,235.91,2.02E+11
de53b347c1bf0e9909ef3af81469c28b,3.5,0,113,8,0.07,253,500.32,82.55,3.03,719.86,0.59,8,0.07,1.06,0,0,0.38,19,19,0.36,26,3,189,12,1051,0,0,4,0,33,0,0,0,0,0,0,0,0,0,14,2,6,216,12,19,1,0.84,0.16,0,0,0,340,0,368.5,2.02E+11
5309940cc535cdf35ece7e95efd12418,3.5,0,95,17,0.18,650,111.54,34.99,2.09,2986.74,0.58,0,0,0.75,0,0,0,0,0,0.64,151,13,13,2,83,9,1,30,0,53,7,0,1,8,0,1,8,0,1,31,0,1,235,1,43,8,0.53,0.07,0,0,0.4,1028,0,476.75,2.02E+11
251c436e4c3d9b844e6aa2a9a0801cac,1.5,0,117,44,0.38,1154,118.56,76.44,3.94,1853.81,1.01,2,0.02,1.14,1,1.03,0.57,21,21,0.99,75,23,188,57,1344,0,0,19,0,105,7,0,0,0,0,0,0,0,8,70,20,11,250,65,54,14,0.3,0.17,0.24,0.06,0.22,221,0,189.63,2.02E+11
63db0a702f95112ee3c1aca1c1597ea2,1,0,249,49,0.2,1010,178.76,128.8,3.12,1342.44,0.81,52,0.21,1.09,1,1,0.56,215,215,0.88,75,22,349,56,1683,0,0,4,0,106,5,0,0,0,0,0,0,0,0,64,32,0,415,100,91,18,0.42,0.2,0.01,0.14,0.22,334,0,266.25,2.02E+11
90bcfbd7e2a5a7231dfa2b4665f7cfc8,10,1,67,35,0.52,2760,30.27,19.46,7.24,2190.15,0.78,19,0.28,0.99,3,0.77,0.64,244,107,0.9,97,27,138,18,919,42,0,144,40,55,2,1,0,29,13,0,29,13,0,84,25,0,304,115,42,29,0.33,0.33,0.02,0.14,0.12,68,32,79.93,2.02E+11
f46cec5895645b56786947a06217de0b,9,1,86,26,0.3,1607,85.67,61.26,5.5,4749.21,1.25,25,0.29,1.14,0,0,1.95,231,19,0.94,135,20,50,9,225,43,10,151,2,37,1,1,1,40,2,1,40,2,2,68,7,26,294,7,55,21,0.2,0.24,0.07,0.04,0.44,373,19,368.26,2.02E+11
d376168e6f7b7dc1b943a6394111a244,9.5,1,53,26,0.49,2760,190.04,57.28,4.81,5280.91,2.85,3,0.06,3.92,2,6.45,6.26,67,0,2.65,119,27,0,0,0,27,0,73,48,25,3,2,0,18,9,0,18,9,5,42,32,7,165,114,49,23,0.06,0.02,0.06,0.35,0.39,0,249,883.44,2.02E+11
3d112d6508b0d89937b2c0c5d6cb885e,8.5,1,357,44,0.12,2760,120.99,36.8,4.97,3346.34,0.69,102,0.29,0.75,3,1.09,0.72,1050,20,0.71,549,53,170,15,661,65,121,710,75,177,4,2,9,44,12,9,44,12,37,104,15,314,1245,209,215,33,0.39,0.28,0.03,0.05,0.23,286,151,288.08,2.02E+11
6a964535de6cb8a8e8a4e478a3c81166,7.75,1,313,56,0.18,2760,171.04,94.39,4.85,3304.37,0.74,51,0.16,0.82,4,1.07,0.86,683,0,0.7,438,40,30,2,105,83,66,349,223,193,18,11,3,49,31,3,49,31,3,114,65,82,767,506,262,52,0.48,0.16,0.02,0.06,0.25,380,61,473.1,2.02E+11
7929ed3116ec3c84ac1439f42d648359,7.5,1,600,73,0.12,2760,110.52,35.75,4.19,1673.4,0.66,125,0.21,0.98,7,0.88,0.63,1051,314,0.85,972,48,1241,109,6279,61,229,918,78,442,13,5,3,55,3,3,55,3,36,195,11,723,2509,300,202,27,0.38,0.22,0.08,0.07,0.2,507,92,397.11,2.02E+11
7acaf3ef61a639c8a815ee784668df02,8,1,75,28,0.37,2760,46.99,24.85,5.37,1828.32,1.2,8,0.11,1.32,2,1.57,1.28,108,0,1.27,27,8,185,10,588,23,7,65,8,39,2,1,5,16,2,5,16,2,14,50,2,88,265,8,51,20,0.33,0.16,0,0.2,0.27,243,30,388.42,2.02E+11
9ea2e222745d4c2b245fdd60ebb234c7,5.5,1,195,66,0.34,1037,112.18,101.78,5.67,1985.17,0.72,47,0.24,0.9,8,0.79,0.62,568,550,0.89,255,23,367,107,3530,50,75,375,22,151,10,5,8,39,3,8,39,3,57,132,4,221,707,23,70,19,0.6,0.06,0.03,0.13,0.19,722,98,688.93,2.02E+11
8a5df21fb4c7fc5beb0b75460eaffa20,5,1,34,21,0.62,2760,78.47,48.71,5.97,1919.41,0.85,3,0.09,1.06,2,0.7,0.7,62,0,0.85,227,32,16,3,131,51,48,83,157,59,1,1,8,16,27,8,16,27,15,44,35,107,145,219,31,19,0.39,0.19,0,0.16,0.26,1212,89,524.21,2.02E+11
8901eb8d73ddc352b4c6d80fd1e952a4,7,1,160,59,0.37,1074,83.95,36.33,4.43,1627.83,0.72,16,0.1,0.97,0,0,0.38,79,61,0.69,113,8,340,103,3042,21,1,264,1,92,4,2,0,21,0,0,21,0,51,85,0,125,523,1,38,12,0.34,0.34,0.03,0,0.29,184,16,183.53,2.02E+11
d9ec55996070ce51c29b18dff2f1c380,7.5,1,100,32,0.32,2760,68.28,16.36,6.08,2567.92,0.78,24,0.24,1.06,4,1.22,0.87,265,30,0.81,305,8,388,35,1583,21,106,513,5,124,7,7,5,16,0,5,16,0,16,69,1,181,921,6,49,21,0.35,0.29,0.02,0.06,0.2,788,100,513.86,2.02E+11
2d072e692708604d3dca8d5b20f843fa,4.75,0,161,41,0.25,1327,172.84,85.27,4.47,2725.86,0.85,30,0.19,0.99,1,1.33,0.84,278,123,0.84,249,21,239,16,1209,44,17,458,44,144,6,5,1,40,3,1,40,3,4,99,4,107,811,59,72,25,0.39,0.17,0.04,0.1,0.31,1136,158,986.24,2.02E+11
5f9f08141f74a4703e797172519de49b,4.5,0,122,34,0.28,2760,208.89,13.97,3.65,2762.72,0.65,12,0.1,0.98,3,1.65,1.14,93,0,0.57,70,2,18,4,55,42,0,153,6,23,2,2,0,38,4,0,38,4,1,61,16,34,245,73,93,27,0.61,0.15,0,0.02,0.16,291,35,412.36,2.02E+11
a50ea4177bf35a0dbeb6743f2cb5437f,4.5,0,93,23,0.25,2760,201.98,43.87,4.06,2551.35,0.71,10,0.11,1.03,2,1.78,1.2,71,0,0.71,215,25,18,3,49,27,10,211,10,78,0,0,2,20,5,2,20,5,7,63,7,53,445,17,65,18,0.35,0.28,0.02,0.03,0.32,61,249,319.38,2.02E+11
e9f266f01d0e49a16db411d65e2f4e72,4.5,0,89,24,0.27,2760,42.61,28.49,7.43,5470.74,1.14,42,0.47,1.05,2,1.72,1.44,445,45,0.89,45,7,131,19,782,30,8,61,29,54,3,2,6,10,14,6,10,14,6,35,46,10,187,200,45,20,0.24,0.16,0,0.07,0.53,261,30,231.63,2.02E+11
ac3424dacad72424484c8abd7a081374,6,1,353,57,0.16,1291,117.41,28.54,2.86,1006.23,1,15,0.04,1.38,1,1.03,0.39,104,57,0.76,265,15,336,45,1952,33,29,660,1,76,9,6,0,33,0,0,33,0,8,94,6,128,1092,20,198,26,0.53,0.16,0.02,0.06,0.17,806,105,482.48,2.02E+11
edeea5169f7dbfc5f2f9873b72c51614,6,1,345,38,0.11,2760,562.52,252.26,5.04,3832.46,0.84,101,0.29,0.97,4,2.08,1.39,1046,0,0.61,520,57,53,22,511,56,90,710,51,202,10,10,6,42,8,6,42,8,10,126,22,137,1253,136,232,30,0.5,0.29,0.01,0.04,0.13,324,311,492.99,2.02E+11
eea59b1c28e414c27afd098b3bce650e,4.5,0,315,49,0.16,2680,155.01,35.49,5.94,1728.65,0.8,70,0.22,0.89,0,0,0.79,943,92,0.89,515,33,155,19,725,43,225,448,179,210,6,5,15,24,4,15,24,4,29,78,20,324,947,302,109,30,0.42,0.12,0.06,0.12,0.22,664,139,397.23,2.02E+11
5c2e5714b6526a6467dd7737ea501664,4.5,0,415,90,0.22,2760,126.43,38.18,4.77,2366.98,0.73,55,0.13,0.82,13,1.01,0.78,869,126,0.7,382,49,105,39,816,83,38,604,261,181,5,3,7,49,27,7,49,27,17,151,48,69,1137,407,330,52,0.58,0.12,0,0.08,0.23,186,52,211.28,2.02E+11
3c8ae9ab5e5526114477e99179a8ad12,2.5,0,467,87,0.19,1654,216.51,122.54,3.54,1769.88,0.87,51,0.11,1.11,0,0,1.06,314,253,0.88,87,8,325,58,1522,49,1,194,46,95,8,3,0,46,3,0,46,3,4,161,23,39,745,208,255,40,0.49,0.14,0.06,0.12,0.16,69,84,121.77,2.02E+11
1e376f963d322d0143758005f37fa0bc,4.5,0,737,132,0.18,3292,204.73,128.72,3.51,2333.44,1.06,165,0.22,0.81,31,0.73,0.97,1004,322,0.87,1763,95,1409,116,6325,28,85,737,6,403,67,20,2,25,1,2,25,1,47,247,9,912,3223,86,216,46,0.4,0.23,0,0.14,0.22,744,185,531.13,2.02E+11
e63a86d19edf6ea36fcbb8a450e21959,5,1,264,47,0.18,1875,144.29,40.67,3.64,1170.42,0.6,16,0.06,0.8,2,1.17,0.49,140,135,0.51,150,9,397,43,2330,52,113,381,190,182,8,1,6,23,23,6,23,23,11,77,39,158,893,342,106,18,0.68,0.09,0.01,0.01,0.21,187,117,231.15,2.02E+11
45f6d0e07d7a1bbf04568d728006aae6,3.5,0,285,36,0.13,495,184.86,108.95,3.16,1012.46,0.56,39,0.14,0.9,5,1.07,0.47,218,158,0.66,435,29,544,25,1996,34,49,840,8,252,17,15,1,33,0,1,33,0,4,83,1,113,1562,14,115,7,0.5,0.18,0,0.02,0.25,782,82,450.36,2.02E+11
a3eeb46e884608c407ee93bd0cdc5ace,6,1,398,84,0.21,2605,302.67,81.41,2.8,3513.84,0.73,38,0.1,1.11,4,1.51,0.6,266,121,0.73,218,5,356,82,1920,24,28,443,310,152,2,1,0,18,6,0,18,6,16,92,45,120,845,452,240,46,0.51,0.1,0.05,0.03,0.24,318,147,313.93,2.02E+11
6cdb3213ac3af7b3ccc5111933cda908,4,0,170,39,0.23,1216,169.62,85.67,3.82,1620.75,0.84,16,0.09,0.99,0,0,0.33,74,18,0.74,165,9,178,47,1087,12,14,221,12,64,9,3,0,8,4,0,8,4,28,51,5,94,403,17,41,14,0.27,0.37,0,0.02,0.32,257,27,266.67,2.02E+11
d7b3d7f219607351da0d512e42359f13,4,0,368,66,0.18,1912,279.38,62.87,3.18,914.09,0.86,8,0.02,0.99,3,1.12,0.88,30,0,0.95,320,17,160,33,778,46,0,551,176,255,20,11,0,26,20,0,26,20,4,73,69,8,1019,543,266,41,0.25,0.3,0.1,0.09,0.25,184,241,338.49,2.02E+11
74ae2a87098dab7bc38c2d52e780f5eb,4,0,113,16,0.14,543,125.24,31.43,3.6,430.83,0.6,1,0.01,1.17,0,0,0.05,5,5,0.6,1,0,39,7,123,5,1,77,14,17,0,0,0,3,2,0,3,2,4,16,2,25,174,29,96,10,0.5,0.22,0.03,0.01,0.16,2,78,84.55,2.02E+11
1ed9eccb96f7436f259edfc2432eade0,4.5,0,274,21,0.08,787,279.5,117.9,3.18,1048.18,0.72,22,0.08,1.14,0,0,0.39,113,113,0.84,513,20,748,21,2399,23,1,688,68,259,9,9,0,18,5,0,18,5,9,60,5,341,1411,121,122,9,0.39,0.25,0,0.11,0.24,1124,44,583.24,2.02E+11
e63a86d19edf6ea36fcbb8a450e21959,5,1,264,47,0.18,1875,144.29,40.67,3.64,1170.42,0.6,16,0.06,0.8,2,1.17,0.49,140,135,0.51,150,9,397,43,2330,52,113,381,190,182,8,1,6,23,23,6,23,23,11,77,39,158,893,342,106,18,0.68,0.09,0.01,0.01,0.21,187,117,231.15,2.02E+11
8708d675fffed41b9c7a76deaa4a8370,2.5,0,512,67,0.13,2760,207.06,25.05,3.48,2704.73,0.58,75,0.15,0.67,7,0.77,0.8,802,53,0.54,125,11,67,5,200,26,40,296,33,194,13,9,4,17,5,4,17,5,4,76,37,79,887,348,437,60,0.56,0.06,0,0,0.36,10,64,91.45,2.02E+11
ee433c321ab0f061cae4fd4283b2c28e,2,0,249,16,0.06,973,212.69,33.24,3.67,815.44,0.63,42,0.17,0.91,0,0,0.24,181,181,0.74,17,4,136,5,653,7,4,47,6,53,4,2,1,5,1,1,5,1,1,28,1,53,317,17,174,12,0.23,0.25,0.01,0.01,0.49,151,32,140.53,2.02E+11
3c8ae9ab5e5526114477e99179a8ad12,2.5,0,467,87,0.19,1654,216.51,122.54,3.54,1769.88,0.87,51,0.11,1.11,0,0,1.06,314,253,0.88,87,8,325,58,1522,49,1,194,46,95,8,3,0,46,3,0,46,3,4,161,23,39,745,208,255,40,0.49,0.14,0.06,0.12,0.16,69,84,121.77,2.02E+11
0e5ff77b3fd662fe52b007ea274a179b,5.25,1,151,29,0.19,1844,184.48,47.81,3.21,1131.68,0.52,9,0.06,0.68,0,0,0.52,34,0,0.55,19,4,0,0,0,18,2,195,40,71,2,2,1,15,2,1,15,2,1,48,3,2,362,55,117,27,0.59,0.21,0.01,0.03,0.14,0,149,253.77,2.02E+11
fa9677ef91996c298c991b4e1bd3d4a5,2,0,86,28,0.33,2723,216,6.93,5.77,2136.14,0.75,10,0.12,0.89,2,0.98,1,185,0,0.72,0,0,22,17,278,2,0,0,8,24,8,0,0,0,2,0,0,2,0,15,34,0,46,88,72,25,0.53,0.18,0,0.08,0.21,245,196,213.47,2.02E+11
900eb5f7587759897c3482b1b8c80042,0,0,46,7,0.15,120,85.83,21.83,3.63,411.91,0.85,0,0,2,0,0,0,0,0,1.02,1,1,149,15,620,16,0,192,75,42,2,1,0,13,3,0,13,3,1,31,6,12,327,100,12,4,0,0,0,0,0.83,84,418,134.95,2.02E+11
1e376f963d322d0143758005f37fa0bc,4.5,0,737,132,0.18,3292,204.73,128.72,3.51,2333.44,1.06,165,0.22,0.81,31,0.73,0.97,1004,322,0.87,1763,95,1409,116,6325,28,85,737,6,403,67,20,2,25,1,2,25,1,47,247,9,912,3223,86,216,46,0.4,0.23,0,0.14,0.22,744,185,531.13,2.02E+11
d7b3d7f219607351da0d512e42359f13,4,0,368,66,0.18,1912,279.38,62.87,3.18,914.09,0.86,8,0.02,0.99,3,1.12,0.88,30,0,0.95,320,17,160,33,778,46,0,551,176,255,20,11,0,26,20,0,26,20,4,73,69,8,1019,543,266,41,0.25,0.3,0.1,0.09,0.25,184,241,338.49,2.02E+11
74ae2a87098dab7bc38c2d52e780f5eb,4,0,113,16,0.14,543,125.24,31.43,3.6,430.83,0.6,1,0.01,1.17,0,0,0.05,5,5,0.6,1,0,39,7,123,5,1,77,14,17,0,0,0,3,2,0,3,2,4,16,2,25,174,29,96,10,0.5,0.22,0.03,0.01,0.16,2,78,84.55,2.02E+11
7487a38fee24fd488b8f28796aa5e748,10,1,122,23,0.19,613,165.77,78.26,3.6,982.95,0.7,24,0.2,1.13,0,0,0.34,108,51,0.89,171,15,541,54,3453,20,3,233,0,116,7,4,2,18,0,2,18,0,32,68,0,195,716,0,54,14,0.41,0.15,0.02,0.06,0.3,2889,55,1719.04,2.02E+11
1be37f69755cdcced2d8cce716a3759d,10,1,99,33,0.33,2520,82.46,33.82,4.41,3956.77,0.77,12,0.12,0.88,2,0.77,0.6,113,0,0.84,28,8,138,36,1126,19,22,57,0,40,2,0,1,18,0,1,18,0,6,74,2,43,264,2,65,21,0.31,0.18,0.06,0.08,0.34,213,18,192.49,2.02E+11
d5a9a01fb4f0d985833e627bbba8e056,8.5,1,182,36,0.2,2760,199.89,37.8,4.18,1767.16,0.7,36,0.2,0.96,3,0.68,0.47,329,175,0.86,219,51,192,12,1575,54,103,320,0,93,7,3,18,36,0,18,36,0,34,107,3,218,670,37,118,27,0.54,0.04,0.09,0.11,0.19,457,218,275.64,2.02E+11
4c43d1efa640ea0342204727deb3bcdc,7.5,1,618,83,0.13,2065,331.97,50.35,4.43,2569.44,0.82,202,0.33,1.03,1,1.13,0.72,1513,608,1.1,275,14,526,135,4099,34,39,598,0,187,9,8,3,31,0,3,31,0,93,96,0,257,1291,1,212,18,0.39,0.14,0.03,0.12,0.25,1289,542,1260.49,2.02E+11
48bff672bbcbdb69ffc4dd4d673ee75f,7.5,1,89,22,0.25,2309,120.22,49.53,4.51,2676.09,0.73,20,0.22,0.82,2,0.71,0.52,182,0,0.82,34,2,22,9,181,29,6,101,0,34,1,1,3,26,0,3,26,0,10,43,0,27,182,0,58,13,0.36,0.12,0,0.02,0.45,521,200,383.62,2.02E+11
d26714ab040885192e62f8f4a71a9d17,8.5,1,96,17,0.18,2175,94.71,30.08,3.67,1800.38,0.62,10,0.1,0.86,0,0,0.75,80,0,0.6,199,10,30,3,102,31,3,440,0,105,9,8,1,30,0,1,30,0,1,49,0,18,574,0,84,16,0.58,0.2,0.02,0.04,0.12,745,71,737.52,2.02E+11
1dd4b9a2c3f2fad89534bb12f71d6c21,6,1,345,111,0.32,1581,68.89,31.65,4.57,1482.38,0.68,36,0.1,0.83,8,0.99,0.76,400,113,0.67,977,170,265,39,1948,37,47,379,0,237,16,4,0,37,0,0,37,0,88,176,0,517,1130,0,99,18,0.48,0.15,0,0.04,0.32,563,20,317.17,2.02E+11
b241c242fbe08cce6033b6efe7d3055e,5.5,1,318,44,0.14,1681,187.89,47.66,4.36,2004.79,0.83,70,0.22,0.87,2,0.85,0.79,538,329,0.86,491,31,824,79,4419,10,4,100,0,215,16,0,0,10,0,0,10,0,40,112,3,441,1286,15,88,22,0.43,0.18,0.03,0.09,0.22,1621,267,1103.3,2.02E+11
b58f8fe5739614d93c5018b55a275c6a,6,1,248,26,0.1,1353,182.89,46.23,3.58,901.55,0.46,9,0.04,0.66,0,0,0.24,51,51,0.47,43,0,145,12,1056,9,2,185,0,47,1,0,1,8,0,1,8,0,2,36,3,8,484,26,185,19,0.77,0.09,0,0.03,0.12,1537,122,589.07,2.02E+11
5916ce95883bd36241b771fd8e3f5353,5.5,1,156,19,0.12,510,249.56,116.69,3.57,2501.49,0.6,48,0.31,0.67,0,0,0.58,313,223,0.9,243,29,528,28,2827,0,3,0,0,97,4,0,0,0,0,0,0,0,9,61,1,97,750,3,37,8,0.19,0.16,0.19,0,0.41,741,90,563.1,2.02E+11
14ee2cc4ffddb49344a20c0f634f47ee,5.5,1,268,67,0.25,1440,111.93,48.84,4.04,1428.73,0.58,36,0.13,0.78,4,0.98,0.38,220,187,0.62,128,30,291,63,1900,6,6,31,0,108,11,0,0,6,0,0,6,0,24,100,10,126,450,28,125,27,0.33,0.5,0.02,0.02,0.13,497,42,309.94,2.02E+11
7f99d233eb5879974a376c59309455d2,3,0,232,41,0.18,1539,102.29,51.05,3.26,610.02,0.65,14,0.06,1.04,0,0,0.1,70,0,0.68,661,50,282,29,1304,16,362,570,0,319,9,4,5,11,0,5,11,0,33,82,0,636,1247,0,157,14,0.54,0.06,0.07,0.03,0.24,1421,174,935.23,2.02E+11
64981952fbbad5d749f6771d62a9152e,6.5,1,389,39,0.1,978,277.83,44.39,2.54,1007.32,0.96,11,0.03,1.89,0,0,0.24,58,5,0.76,199,3,126,16,376,15,22,474,0,102,11,8,0,15,0,0,15,0,7,47,0,99,833,0,300,23,0.41,0.18,0.03,0.04,0.27,50,289,283.48,2.02E+11
9179963ace7a3eedae101788081a8247,3,0,148,26,0.18,1490,179.68,50.35,3.39,569.7,0.66,1,0.01,0.76,0,0,0.05,5,5,0.67,2,2,94,7,265,11,37,125,0,70,4,2,2,9,0,2,9,0,2,47,0,37,392,0,142,26,0.56,0.12,0.04,0.06,0.2,106,52,236.41,2.02E+11
fc09c2757b8bd89a870a19eab09d96a3,2.5,0,225,29,0.13,164,235.82,143.02,3.3,1358.63,0.6,62,0.28,1.09,2,1.07,0.42,291,222,0.71,396,31,288,22,1153,0,10,15,0,68,6,0,0,0,0,0,0,0,11,54,3,169,587,107,24,7,0.42,0.25,0.04,0.04,0.25,351,27,311.06,2.02E+11
7b73084254dfe1f535ff49223cff7206,4,0,464,76,0.16,1219,187.65,106.9,2.92,1057.2,0.88,26,0.06,1.42,0,0,0.48,131,89,0.66,647,96,620,39,1684,12,33,169,0,150,6,0,2,10,0,2,10,0,57,107,12,350,1158,94,170,22,0.52,0.16,0.02,0.08,0.22,535,200,398.34,2.02E+11
81e7ff1cf5b9fbd8f030d33b4b7d8674,3,0,272,27,0.1,1920,179,19.79,2.95,2542.96,0.59,3,0.01,0.67,2,1,0.68,47,47,0.58,261,59,60,19,478,47,120,236,0,138,21,5,15,32,0,15,32,0,36,112,2,228,728,12,269,25,0.45,0.35,0,0.01,0.19,541,90,198.75,2.02E+11
b08d48e7cf20824d5c5e1cbb6736b125,1,0,138,34,0.25,170,170.58,57.71,3.85,721.74,0.98,4,0.03,1.38,0,0,0.34,21,21,0.55,351,19,453,49,2520,14,124,364,0,165,14,3,2,12,0,2,12,0,13,78,0,246,818,0,19,2,0.53,0.37,0,0,0.05,210,280,236.79,2.02E+11
081657f5cbf98d66e6697627a2b253fb,3.75,0,281,24,0.09,871,139.15,54.35,2.91,967.91,0.51,28,0.1,0.82,0,0,0.32,110,110,0.47,26,5,108,11,498,14,49,175,0,54,1,1,0,14,0,0,14,0,11,33,0,126,434,0,197,10,0.75,0.14,0.05,0.02,0.04,3,55,212,2.02E+11
a211c15dd2b18ee6aed20f9e1c4b1958,1.5,0,135,32,0.24,923,117.39,41.6,2.9,629.66,0.54,5,0.04,0.89,0,0,0.16,27,27,0.58,156,12,156,38,839,15,13,50,0,47,3,0,6,9,0,6,9,0,10,69,6,36,397,90,67,14,0.73,0.1,0.04,0.03,0.04,756,312,556.56,2.02E+11
f661da5c1c4f62a9639128e19d521248,2,0,200,33,0.17,650,103.5,35.16,3.5,363.32,0.74,0,0,1.31,0,0,0,0,0,0.51,50,2,109,24,448,6,15,64,0,20,4,0,3,3,0,3,3,0,6,37,0,29,325,0,102,9,0.58,0.24,0,0,0.19,27,109,114.05,2.02E+11
6789e600d8abaf5d52d427355d513fd2,1,0,107,12,0.11,720,173.27,33.27,3.35,451.03,1.08,0,0,1.7,0,0,0,0,0,1.08,63,1,9,3,100,8,10,142,0,10,1,1,0,8,0,0,8,0,2,21,0,12,318,0,106,11,0.48,0.14,0.06,0.15,0.08,47,120,131.13,2.02E+11
39d6ea2bd7fdd9a4dfaa902ac589d0ec,10,1,122,63,0.52,1323,49.38,28.39,6.08,2011.7,0.89,17,0.14,1.04,3,0.83,0.76,281,276,0.96,40,26,207,94,1813,18,0,23,0,19,3,0,0,18,0,0,18,0,19,120,17,41,221,47,42,21,0.26,0.31,0.05,0.12,0.26,969,75,765.05,2.02E+11
aa2f79e979e0dada2c0cda7861539577,8.5,1,121,17,0.14,1440,123.4,32.99,2.84,1190.94,0.57,16,0.13,1,0,0,0.16,51,0,0.86,437,38,0,0,0,0,0,0,0,50,3,0,0,0,0,0,0,0,1,27,31,48,286,205,66,16,0.42,0.14,0.2,0.03,0.2,0,97,239.86,2.02E+11
2a163f5b40d2368587ce1587ad4bd816,6,1,157,15,0.1,1076,177.32,30.57,2.46,364.2,0.55,0,0,0.93,0,0,0,0,0,0.56,28,6,5,0,3,11,0,225,0,54,3,3,0,11,0,0,11,0,5,21,0,18,375,0,140,9,0.65,0.16,0.06,0.04,0.09,0,266,322.77,2.02E+11
0beb7f8567632f98215f144179142084,7,1,208,39,0.19,1343,99.77,47.5,3.88,1815.96,0.81,19,0.09,0.88,1,1.13,0.47,154,91,0.66,127,20,281,59,1927,15,0,137,0,67,2,2,0,15,0,0,15,0,30,76,0,91,511,0,108,13,0.54,0.19,0.02,0.06,0.18,607,15,417.51,2.02E+11
093ee5a67490d068f8e37d9e9403823b,7,1,91,21,0.23,306,76.57,15.3,3.66,2071.6,0.61,9,0.1,0.87,0,0,0.39,28,28,1.07,14,3,259,35,1927,5,0,14,0,41,2,0,0,5,0,0,5,0,19,29,1,118,186,7,16,3,0.12,0.06,0,0,0.81,619,64,504.82,2.02E+11
9b5976d69364cff675b96a47813f37a4,3.5,0,72,22,0.31,1228,179.11,13.06,3.78,3869.72,0.77,0,0,0.84,0,0,0,0,0,0.89,0,0,127,51,1086,0,0,0,0,34,2,0,0,0,0,0,0,0,0,52,10,0,138,18,29,11,0.41,0.17,0.1,0.03,0.24,358,155,322.26,2.02E+11
5b3a1970b575ed48c8bae36e49455847,3.5,0,342,78,0.23,954,220.23,59.7,4.65,2518.87,0.76,57,0.17,0.9,4,1.3,0.71,397,332,0.7,895,86,804,43,4329,5,0,232,0,159,7,2,0,5,0,0,5,0,11,99,45,185,1259,473,114,14,0.37,0.27,0,0,0.2,681,133,743.23,2.02E+11
11575506f3a1ee6f14363e890da8e5a7,4,0,353,28,0.08,1073,202.92,59.07,3.25,1837.41,0.63,72,0.2,0.94,0,0,0.65,414,364,0.56,48,0,711,42,3454,9,0,110,0,131,4,2,0,9,0,0,9,0,5,55,0,193,800,0,105,9,0.5,0.26,0.01,0,0.2,226,105,190.8,2.02E+11
286ab42c62a60e02aa2e30717b3908e1,3,0,152,34,0.22,716,195.39,71.71,3.34,1131.53,0.71,16,0.11,1.16,0,0,0.2,67,67,0.85,56,7,272,28,1138,7,0,57,0,37,7,0,0,7,0,0,7,0,6,62,2,43,510,12,90,18,0.53,0.21,0.01,0.1,0.13,104,21,122.8,2.02E+11
dc2576ba76d04f35acc8ad9382e955ec,3,0,180,27,0.15,1386,213.38,49.73,2.61,629.91,0.56,1,0.01,0.92,0,0,0.05,5,0,0.55,0,0,148,17,916,1,0,9,0,49,2,0,0,1,0,0,1,0,3,37,4,10,311,15,178,26,0.52,0.33,0,0.02,0.13,328,152,226.64,2.02E+11
f723ce1b18819e5a0d7d1192250d1f7e,4,0,56,19,0.34,1146,83.21,1.71,3.43,605.57,0.88,0,0,1.03,0,0,0,0,0,0.87,21,9,0,0,0,8,0,61,0,18,2,2,0,8,0,0,8,0,0,27,0,0,117,0,35,10,0.49,0.23,0,0.11,0.14,0,55,113.19,2.02E+11
1941bf5df23bbe0224d7c876d262412a,4.5,0,415,66,0.16,1877,115.38,48,3.87,3218.64,0.75,67,0.16,1.16,6,0.88,0.49,656,604,0.75,72,1,475,73,3238,7,0,139,0,121,6,0,0,7,0,0,7,0,23,71,15,124,613,94,206,29,0.4,0.3,0.03,0.08,0.19,265,127,280.33,2.02E+11
6cf96b7573f610a2739da39f6e22cbd2,3.5,0,109,29,0.27,660,176.66,52.66,4.39,655.34,0.75,8,0.07,1.17,0,0,0.39,42,6,0.71,58,11,145,19,767,17,0,180,0,70,2,0,0,17,0,0,17,0,2,54,8,2,377,49,58,14,0.29,0.34,0.05,0.02,0.29,322,229,306.94,2.02E+11
cfbd4cf13a12a94cc7f0fd97e58f8bf6,4.5,0,73,28,0.38,493,113.81,25.32,4.81,1040.66,0.92,0,0,1.1,0,0,0,0,0,1.04,0,0,212,54,1224,0,0,0,0,52,3,0,0,0,0,0,0,0,21,41,0,82,157,0,27,8,0.15,0.07,0.11,0,0.52,122,96,118.39,2.02E+11
25131b68858f87417db843993a7c6b72,1.5,0,245,36,0.15,720,286.14,93.89,2.41,2405.5,0.88,5,0.02,1.63,0,0,0.17,11,11,0.99,8,2,317,17,1224,0,0,0,0,138,5,0,0,0,0,0,0,0,2,50,21,9,439,317,168,28,0.49,0.1,0,0.11,0.29,559,56,316.82,2.02E+11
6b6d7ccb2d17389de91cd8135aaacb5a,4,0,356,46,0.13,269,214.35,39.09,3.08,978.13,0.68,18,0.05,0.98,0,0,0.57,128,128,0.73,280,17,789,82,4423,1,0,2,0,243,34,0,0,1,0,0,1,0,26,101,3,315,998,31,100,9,0.33,0.21,0.02,0.03,0.41,503,311,476.43,2.02E+11
9d0c4080db434e2ab16c80ce2b994f92,4,0,366,26,0.07,2139,250.24,27.74,2.53,754.66,0.69,16,0.04,0.82,0,0,0.44,59,28,0.64,179,1,481,12,1792,8,0,229,0,194,11,5,0,8,0,0,8,0,2,49,0,95,1162,46,304,19,0.54,0.22,0.11,0.01,0.09,384,113,308.24,2.02E+11
753cc0c9a3f08ce6c0637cdd6a25afe9,3.5,0,519,52,0.1,1440,121.46,39.38,2.43,547.21,0.54,53,0.1,0.64,2,1.01,0.19,257,257,0.53,0,0,551,63,2046,0,0,0,0,62,2,0,0,0,0,0,0,0,26,20,34,242,202,372,265,17,0.7,0.05,0,0.04,0.16,207,120,188.25,2.02E+11
2f313dba10849a3e407cd44b4f24ce46,9,1,61,11,0.18,1047,84.26,36,3.31,812.92,0.78,2,0.03,0.95,0,0,0.3,12,0,0.82,74,3,43,13,447,9,0,224,0,44,2,1,0,9,0,0,9,0,10,26,0,35,311,0,50,8,0.42,0.26,0,0.1,0.22,1075,94,539.89,2.02E+11
493c85ea64b4a1b61a6ae4e5b8fa9368,3.75,0,198,52,0.26,1080,140.26,54.89,3.25,1115.9,0.58,34,0.17,1.04,0,0,0.14,92,92,0.73,144,34,319,43,1981,0,0,0,0,77,10,0,0,0,0,0,0,0,4,91,1,79,398,37,51,19,0.39,0.2,0.02,0.02,0.37,260,10,171,2.02E+11
fc1838541632d227fc1ecf1caf595515,2,0,172,15,0.09,426,134.98,74.53,3.18,727.6,0.45,32,0.19,0.67,0,0,0.2,159,159,0.33,28,0,157,9,494,5,0,83,0,40,2,2,0,5,0,0,5,0,1,22,0,12,304,0,76,9,0.86,0.12,0,0,0.03,123,87,133.91,2.02E+11
f723ce1b18819e5a0d7d1192250d1f7e,4,0,56,19,0.34,1146,83.21,1.71,3.43,605.57,0.88,0,0,1.03,0,0,0,0,0,0.87,21,9,0,0,0,8,0,61,0,18,2,2,0,8,0,0,8,0,0,27,0,0,117,0,35,10,0.49,0.23,0,0.11,0.14,0,55,113.19,2.02E+11
98d84d12d5a99238bdd760647d81e907,2,0,96,42,0.44,594,81.04,31.04,4.25,1070.83,0.67,17,0.18,0.88,0,0,0.46,62,12,0.86,0,0,290,49,1623,0,0,7,0,76,9,0,0,0,0,0,0,0,17,67,8,52,284,53,50,31,0.16,0.48,0,0.06,0.3,1302,20,753.83,2.02E+11
7dd8dd8727e1961f3a6884a7780cd340,3,0,233,15,0.06,656,306.99,116.91,2.86,730.76,0.61,26,0.11,0.68,0,0,0.36,59,38,0.83,337,11,450,19,1741,1,0,36,0,109,7,0,0,1,0,0,1,0,14,32,0,227,869,4,101,5,0.31,0.37,0,0.13,0.2,197,362,266.78,2.02E+11
654ef44b48d8518f08b52ad8aa7bab87,3,0,150,19,0.13,629,101.41,46.27,2.9,442.75,0.61,4,0.03,0.77,0,0,0.22,12,12,0.66,47,8,259,22,1080,6,0,88,0,74,4,0,0,6,0,0,6,0,8,35,0,46,424,0,74,6,0.47,0.15,0,0.01,0.34,429,64,265.95,2.02E+11
7bd2b79519917048b9ff04f750bb6a55,3,0,106,21,0.2,960,99.32,43.85,3.23,852.53,0.63,20,0.19,0.88,0,0,0.29,56,56,0.53,114,10,307,36,2534,11,0,183,0,84,15,7,0,11,0,0,11,0,5,58,3,52,492,52,40,9,0.45,0.4,0,0,0.12,637,127,440.24,2.02E+11
6fe42fe013f92f0fa6fe683c9d8adf56,4.5,0,230,16,0.07,960,417.74,215.95,2.97,505.3,0.7,18,0.08,1.54,0,0,0.33,45,45,0.64,101,11,254,26,824,3,0,72,0,39,2,0,0,3,0,0,3,0,3,38,5,12,499,49,152,6,0.61,0.04,0.03,0,0.1,479,64,418.7,2.02E+11
68a8d1596f7b9fd31c49c0b9005ee558,3,0,331,36,0.11,2365,242.5,59.92,3.23,1272.51,0.54,58,0.18,0.64,0,0,0.26,310,55,0.57,122,3,358,36,1609,17,0,267,0,67,7,1,0,17,0,0,17,0,1,61,17,1,730,181,231,26,0.69,0.1,0,0.08,0.13,674,206,483.09,2.02E+11
8178d6766a506fc5334b6f901b487b7e,2.5,0,91,13,0.14,666,392.22,12.4,3.86,418.9,0.79,0,0,0.9,0,0,0,0,0,0.7,86,5,162,24,1216,4,0,118,0,57,4,0,0,4,0,0,4,0,0,43,1,0,460,23,40,5,0.2,0.48,0,0,0.32,750,115,584.45,2.02E+11
3cea64950f19402f1d9349edf7f6fd44,2.5,0,49,30,0.61,360,166.12,42.37,4.88,1518.53,0.98,1,0.02,1.18,1,1.03,1.03,21,21,1.47,0,0,82,32,593,0,0,0,0,17,0,0,0,0,0,0,0,0,3,35,1,10,75,6,9,7,0.11,0,0.33,0.11,0.44,143,272,166.05,2.02E+11
b236532030d414720320028ad76096d7,4,0,37,16,0.43,493,361.19,335.14,4.41,1041.3,0.92,4,0.11,1.28,0,0,0.57,24,24,0.78,24,12,73,41,789,0,0,0,0,39,6,0,0,0,0,0,0,0,3,53,1,7,98,1,9,4,0.44,0,0.11,0,0.44,283,48,303.02,2.02E+11
c27bb9a8a492ec94befec86267ec142a,3,0,56,10,0.18,480,149.21,33.71,3.63,358.86,0.78,0,0,1.45,0,0,0,0,0,0.78,0,0,0,0,0,0,0,0,0,0,0,0,0,0,0,0,0,0,0,10,0,0,56,0,56,10,0.36,0.18,0.02,0.04,0.3,0,160,160,2.02E+11
9d0c4080db434e2ab16c80ce2b994f92,4,0,366,26,0.07,2139,250.24,27.74,2.53,754.66,0.69,16,0.04,0.82,0,0,0.44,59,28,0.64,179,1,481,12,1792,8,0,229,0,194,11,5,0,8,0,0,8,0,2,49,0,95,1162,46,304,19,0.54,0.22,0.11,0.01,0.09,384,113,308.24,2.02E+11
753cc0c9a3f08ce6c0637cdd6a25afe9,3.5,0,519,52,0.1,1440,121.46,39.38,2.43,547.21,0.54,53,0.1,0.64,2,1.01,0.19,257,257,0.53,0,0,551,63,2046,0,0,0,0,62,2,0,0,0,0,0,0,0,26,20,34,242,202,372,265,17,0.7,0.05,0,0.04,0.16,207,120,188.25,2.02E+11
fc9f170708207afb85b2f6db6a026915,3.75,0,249,107,0.43,120,122.01,53.62,4.82,3102.75,0.96,50,0.2,1.12,10,1.49,0.97,415,415,1.16,0,0,617,192,4529,0,0,0,0,86,3,0,0,0,0,0,0,0,57,179,1,176,562,7,35,17,0.14,0.17,0,0.09,0.57,520,67,450.6,2.02E+11
0976e15a609c00ab7d796dc9b820b12b,1.5,0,136,18,0.13,897,89.47,34.24,3.31,644.76,0.71,8,0.06,0.98,0,0,0.21,40,23,0.79,57,7,127,19,601,11,0,75,0,34,3,1,0,11,0,0,11,0,9,40,0,66,266,0,106,12,0.35,0.19,0,0.08,0.32,133,60,171.27,2.02E+11
21b2d856eb8ef508a420db8c8527e978,1.75,0,64,7,0.11,633,108.94,47.19,3.2,295.75,0.51,0,0,0.71,0,0,0,0,0,0.58,0,0,134,4,442,0,0,0,0,18,2,0,0,0,0,0,0,0,1,9,1,6,157,11,40,7,0.58,0.1,0,0,0.32,274,27,116.73,2.02E+11
9c6fea3bf6b0dcad3014d84dd1494834,2,0,293,26,0.09,356,223.45,191.07,2.46,716.98,0.52,75,0.26,1.4,0,0,0.19,114,94,0.65,318,29,313,13,764,0,0,13,0,102,7,0,0,0,0,0,0,0,23,38,2,235,541,23,45,9,0.56,0.16,0.04,0.02,0.11,1977,248,650.16,2.02E+11
ae8521df773cb97772fa55aa2f9039dc,1,0,293,45,0.15,867,97.41,37.19,3.28,784.23,0.56,26,0.09,0.91,1,1,0.25,135,88,0.71,181,10,559,51,3018,7,0,188,0,105,9,1,0,7,0,0,7,0,15,65,4,57,822,72,112,15,0.37,0.25,0.01,0.02,0.26,336,238,310.29,2.02E+11
0ffd08b55164fa1426ab8afc6a9cb64e,2,0,265,32,0.12,1394,109.99,91.44,3.84,970.34,0.68,48,0.18,1.18,2,1.01,0.53,326,310,0.7,24,0,141,27,867,5,0,66,0,55,12,5,0,5,0,0,5,0,6,45,7,20,355,28,184,23,0.49,0.29,0.01,0.07,0.14,175,8,122.62,2.02E+11
e174b2827772af10167829fc866ff893,0,0,113,22,0.19,1260,76.18,25.73,3.78,582.48,0.58,7,0.06,0.8,0,0,0.22,30,0,0.71,70,14,76,18,326,0,0,0,0,28,1,0,0,0,0,0,0,0,3,52,0,7,252,0,81,15,0.52,0.12,0.04,0.04,0.23,260,26,160.58,2.02E+11
0ad2b4dabf1c2811729aab3921ffeca8,1,0,86,5,0.06,299,212.88,77.26,3.1,948.74,0.45,16,0.19,0.67,0,0,0.29,72,56,0.39,116,3,125,6,513,6,0,202,0,85,9,6,0,6,0,0,6,0,4,13,0,38,333,0,30,2,0.83,0.1,0,0,0.07,222,202,174.12,2.02E+11
ac91fd28a8d12867fad7b95504d7fc1d,4.25,0,8,5,0.63,360,22.5,23.5,5.88,1060.5,0.85,1,0.13,1.18,1,1.03,1.03,21,21,1.22,0,0,4,1,24,0,0,7,0,1,0,0,0,0,0,0,0,0,0,5,0,0,15,0,4,4,0,0,0,0,0.5,0,45,36,2.02E+11
861a22c4272a33d4f6e9846897003099,0.5,0,352,31,0.09,240,136.19,83.26,3.9,1342.88,0.63,106,0.3,1.1,2,1.03,0.57,608,608,0.62,2,2,1112,60,4848,0,0,0,0,178,7,0,0,0,0,0,0,0,4,60,7,267,733,164,50,9,0.38,0.48,0.1,0,0.02,221,250,227.77,2.02E+11
a05278734f18a4b9920a6890703c0df0,2,0,45,3,0.07,524,132.62,81.87,4.29,646.84,0.56,11,0.24,0.71,0,0,0.28,54,6,0.66,0,0,2,0,6,0,0,0,0,2,0,0,0,0,0,0,0,0,0,3,0,2,44,0,34,3,0.35,0.32,0,0,0.32,0,61,61.33,2.02E+11
6b6d7ccb2d17389de91cd8135aaacb5a,4,0,356,46,0.13,269,214.35,39.09,3.08,978.13,0.68,18,0.05,0.98,0,0,0.57,128,128,0.73,280,17,789,82,4423,1,0,2,0,243,34,0,0,1,0,0,1,0,26,101,3,315,998,31,100,9,0.33,0.21,0.02,0.03,0.41,503,311,476.43,2.02E+11
107b344476c2cafa2dde66c257db0b24,0.5,0,94,11,0.12,120,185.32,122.72,3.46,398.17,1.15,0,0,1.98,0,0,0,0,0,1.65,0,0,209,22,1233,0,0,0,0,43,2,0,0,0,0,0,0,0,0,25,2,0,206,16,13,5,0,0.08,0,0.54,0.38,173,154,169.48,2.02E+11
84c202c256a2950fbc52314df6ec4914,2,0,81,13,0.16,928,130.22,52.94,3.74,610.52,0.65,20,0.25,1.36,0,0,0.2,88,0,0.8,0,0,0,0,0,6,0,36,0,16,0,0,0,6,0,0,6,0,0,24,0,1,142,0,61,13,0.48,0.02,0.18,0,0.23,0,276,290.17,2.02E+11
0ffd08b55164fa1426ab8afc6a9cb64e,2,0,265,32,0.12,1394,109.99,91.44,3.84,970.34,0.68,48,0.18,1.18,2,1.01,0.53,326,310,0.7,24,0,141,27,867,5,0,66,0,55,12,5,0,5,0,0,5,0,6,45,7,20,355,28,184,23,0.49,0.29,0.01,0.07,0.14,175,8,122.62,2.02E+11
8178d6766a506fc5334b6f901b487b7e,2.5,0,91,13,0.14,666,392.22,12.4,3.86,418.9,0.79,0,0,0.9,0,0,0,0,0,0.7,86,5,162,24,1216,4,0,118,0,57,4,0,0,4,0,0,4,0,0,43,1,0,460,23,40,5,0.2,0.48,0,0,0.32,750,115,584.45,2.02E+11
ae8521df773cb97772fa55aa2f9039dc,1,0,293,45,0.15,867,97.41,37.19,3.28,784.23,0.56,26,0.09,0.91,1,1,0.25,135,88,0.71,181,10,559,51,3018,7,0,188,0,105,9,1,0,7,0,0,7,0,15,65,4,57,822,72,112,15,0.37,0.25,0.01,0.02,0.26,336,238,310.29,2.02E+11
8e3215d0f18771cb3287f2123ffb2cdc,0,0,26,7,0.27,814,429.85,22.46,2.15,628.77,1.39,0,0,1.55,0,0,0,0,0,1.39,0,0,0,0,0,0,0,6,0,10,0,0,0,0,0,0,0,0,0,8,0,0,78,0,26,7,0,0,0.15,0.08,0.69,0,566,518,2.02E+11